#,emoji,unicode,name
1,ğŸ˜€,U+1F600,grinning face
2,ğŸ˜ƒ,U+1F603,grinning face with big eyes
3,ğŸ˜„,U+1F604,grinning face with smiling eyes
4,ğŸ˜,U+1F601,beaming face with smiling eyes
5,ğŸ˜†,U+1F606,grinning squinting face
6,ğŸ˜…,U+1F605,grinning face with sweat
7,ğŸ¤£,U+1F923,rolling on the floor laughing
8,ğŸ˜‚,U+1F602,face with tears of joy
9,ğŸ™‚,U+1F642,slightly smiling face
10,ğŸ™ƒ,U+1F643,upside-down face
11,ğŸ˜‰,U+1F609,winking face
12,ğŸ˜Š,U+1F60A,smiling face with smiling eyes
13,ğŸ˜‡,U+1F607,smiling face with halo
14,ğŸ¥°,U+1F970,smiling face with hearts
15,ğŸ˜,U+1F60D,smiling face with heart-eyes
16,ğŸ¤©,U+1F929,star-struck
17,ğŸ˜˜,U+1F618,face blowing a kiss
18,ğŸ˜—,U+1F617,kissing face
19,â˜º,U+263A,smiling face
20,ğŸ˜š,U+1F61A,kissing face with closed eyes
21,ğŸ˜™,U+1F619,kissing face with smiling eyes
22,ğŸ¥²,U+1F972,smiling face with tear
23,ğŸ˜‹,U+1F60B,face savoring food
24,ğŸ˜›,U+1F61B,face with tongue
25,ğŸ˜œ,U+1F61C,winking face with tongue
26,ğŸ¤ª,U+1F92A,zany face
27,ğŸ˜,U+1F61D,squinting face with tongue
28,ğŸ¤‘,U+1F911,money-mouth face
29,ğŸ¤—,U+1F917,hugging face
30,ğŸ¤­,U+1F92D,face with hand over mouth
31,ğŸ¤«,U+1F92B,shushing face
32,ğŸ¤”,U+1F914,thinking face
33,ğŸ¤,U+1F910,zipper-mouth face
34,ğŸ¤¨,U+1F928,face with raised eyebrow
35,ğŸ˜,U+1F610,neutral face
36,ğŸ˜‘,U+1F611,expressionless face
37,ğŸ˜¶,U+1F636,face without mouth
38,ğŸ˜¶â€ğŸŒ«ï¸,U+1F636 U+200D U+1F32B U+FE0F,âŠ› face in clouds
39,ğŸ˜,U+1F60F,smirking face
40,ğŸ˜’,U+1F612,unamused face
41,ğŸ™„,U+1F644,face with rolling eyes
42,ğŸ˜¬,U+1F62C,grimacing face
43,ğŸ˜®â€ğŸ’¨,U+1F62E U+200D U+1F4A8,âŠ› face exhaling
44,ğŸ¤¥,U+1F925,lying face
45,ğŸ˜Œ,U+1F60C,relieved face
46,ğŸ˜”,U+1F614,pensive face
47,ğŸ˜ª,U+1F62A,sleepy face
48,ğŸ¤¤,U+1F924,drooling face
49,ğŸ˜´,U+1F634,sleeping face
50,ğŸ˜·,U+1F637,face with medical mask
51,ğŸ¤’,U+1F912,face with thermometer
52,ğŸ¤•,U+1F915,face with head-bandage
53,ğŸ¤¢,U+1F922,nauseated face
54,ğŸ¤®,U+1F92E,face vomiting
55,ğŸ¤§,U+1F927,sneezing face
56,ğŸ¥µ,U+1F975,hot face
57,ğŸ¥¶,U+1F976,cold face
58,ğŸ¥´,U+1F974,woozy face
59,ğŸ˜µ,U+1F635,knocked-out face
60,ğŸ˜µâ€ğŸ’«,U+1F635 U+200D U+1F4AB,âŠ› face with spiral eyes
61,ğŸ¤¯,U+1F92F,exploding head
62,ğŸ¤ ,U+1F920,cowboy hat face
63,ğŸ¥³,U+1F973,partying face
64,ğŸ¥¸,U+1F978,disguised face
65,ğŸ˜,U+1F60E,smiling face with sunglasses
66,ğŸ¤“,U+1F913,nerd face
67,ğŸ§,U+1F9D0,face with monocle
68,ğŸ˜•,U+1F615,confused face
69,ğŸ˜Ÿ,U+1F61F,worried face
70,ğŸ™,U+1F641,slightly frowning face
71,â˜¹,U+2639,frowning face
72,ğŸ˜®,U+1F62E,face with open mouth
73,ğŸ˜¯,U+1F62F,hushed face
74,ğŸ˜²,U+1F632,astonished face
75,ğŸ˜³,U+1F633,flushed face
76,ğŸ¥º,U+1F97A,pleading face
77,ğŸ˜¦,U+1F626,frowning face with open mouth
78,ğŸ˜§,U+1F627,anguished face
79,ğŸ˜¨,U+1F628,fearful face
80,ğŸ˜°,U+1F630,anxious face with sweat
81,ğŸ˜¥,U+1F625,sad but relieved face
82,ğŸ˜¢,U+1F622,crying face
83,ğŸ˜­,U+1F62D,loudly crying face
84,ğŸ˜±,U+1F631,face screaming in fear
85,ğŸ˜–,U+1F616,confounded face
86,ğŸ˜£,U+1F623,persevering face
87,ğŸ˜,U+1F61E,disappointed face
88,ğŸ˜“,U+1F613,downcast face with sweat
89,ğŸ˜©,U+1F629,weary face
90,ğŸ˜«,U+1F62B,tired face
91,ğŸ¥±,U+1F971,yawning face
92,ğŸ˜¤,U+1F624,face with steam from nose
93,ğŸ˜¡,U+1F621,pouting face
94,ğŸ˜ ,U+1F620,angry face
95,ğŸ¤¬,U+1F92C,face with symbols on mouth
96,ğŸ˜ˆ,U+1F608,smiling face with horns
97,ğŸ‘¿,U+1F47F,angry face with horns
98,ğŸ’€,U+1F480,skull
99,â˜ ,U+2620,skull and crossbones
100,ğŸ’©,U+1F4A9,pile of poo
101,ğŸ¤¡,U+1F921,clown face
102,ğŸ‘¹,U+1F479,ogre
103,ğŸ‘º,U+1F47A,goblin
104,ğŸ‘»,U+1F47B,ghost
105,ğŸ‘½,U+1F47D,alien
106,ğŸ‘¾,U+1F47E,alien monster
107,ğŸ¤–,U+1F916,robot
108,ğŸ˜º,U+1F63A,grinning cat
109,ğŸ˜¸,U+1F638,grinning cat with smiling eyes
110,ğŸ˜¹,U+1F639,cat with tears of joy
111,ğŸ˜»,U+1F63B,smiling cat with heart-eyes
112,ğŸ˜¼,U+1F63C,cat with wry smile
113,ğŸ˜½,U+1F63D,kissing cat
114,ğŸ™€,U+1F640,weary cat
115,ğŸ˜¿,U+1F63F,crying cat
116,ğŸ˜¾,U+1F63E,pouting cat
117,ğŸ™ˆ,U+1F648,see-no-evil monkey
118,ğŸ™‰,U+1F649,hear-no-evil monkey
119,ğŸ™Š,U+1F64A,speak-no-evil monkey
120,ğŸ’‹,U+1F48B,kiss mark
121,ğŸ’Œ,U+1F48C,love letter
122,ğŸ’˜,U+1F498,heart with arrow
123,ğŸ’,U+1F49D,heart with ribbon
124,ğŸ’–,U+1F496,sparkling heart
125,ğŸ’—,U+1F497,growing heart
126,ğŸ’“,U+1F493,beating heart
127,ğŸ’,U+1F49E,revolving hearts
128,ğŸ’•,U+1F495,two hearts
129,ğŸ’Ÿ,U+1F49F,heart decoration
130,â£,U+2763,heart exclamation
131,ğŸ’”,U+1F494,broken heart
132,â¤ï¸â€ğŸ”¥,U+2764 U+FE0F U+200D U+1F525,âŠ› heart on fire
133,â¤ï¸â€ğŸ©¹,U+2764 U+FE0F U+200D U+1FA79,âŠ› mending heart
134,â¤,U+2764,red heart
135,ğŸ§¡,U+1F9E1,orange heart
136,ğŸ’›,U+1F49B,yellow heart
137,ğŸ’š,U+1F49A,green heart
138,ğŸ’™,U+1F499,blue heart
139,ğŸ’œ,U+1F49C,purple heart
140,ğŸ¤,U+1F90E,brown heart
141,ğŸ–¤,U+1F5A4,black heart
142,ğŸ¤,U+1F90D,white heart
143,ğŸ’¯,U+1F4AF,hundred points
144,ğŸ’¢,U+1F4A2,anger symbol
145,ğŸ’¥,U+1F4A5,collision
146,ğŸ’«,U+1F4AB,dizzy
147,ğŸ’¦,U+1F4A6,sweat droplets
148,ğŸ’¨,U+1F4A8,dashing away
149,ğŸ•³,U+1F573,hole
150,ğŸ’£,U+1F4A3,bomb
151,ğŸ’¬,U+1F4AC,speech balloon
152,ğŸ‘ï¸â€ğŸ—¨ï¸,U+1F441 U+FE0F U+200D U+1F5E8 U+FE0F,eye in speech bubble
153,ğŸ—¨,U+1F5E8,left speech bubble
154,ğŸ—¯,U+1F5EF,right anger bubble
155,ğŸ’­,U+1F4AD,thought balloon
156,ğŸ’¤,U+1F4A4,zzz
157,ğŸ‘‹,U+1F44B,waving hand
158,ğŸ¤š,U+1F91A,raised back of hand
159,ğŸ–,U+1F590,hand with fingers splayed
160,âœ‹,U+270B,raised hand
161,ğŸ––,U+1F596,vulcan salute
162,ğŸ‘Œ,U+1F44C,OK hand
163,ğŸ¤Œ,U+1F90C,pinched fingers
164,ğŸ¤,U+1F90F,pinching hand
165,âœŒ,U+270C,victory hand
166,ğŸ¤,U+1F91E,crossed fingers
167,ğŸ¤Ÿ,U+1F91F,love-you gesture
168,ğŸ¤˜,U+1F918,sign of the horns
169,ğŸ¤™,U+1F919,call me hand
170,ğŸ‘ˆ,U+1F448,backhand index pointing left
171,ğŸ‘‰,U+1F449,backhand index pointing right
172,ğŸ‘†,U+1F446,backhand index pointing up
173,ğŸ–•,U+1F595,middle finger
174,ğŸ‘‡,U+1F447,backhand index pointing down
175,â˜,U+261D,index pointing up
176,ğŸ‘,U+1F44D,thumbs up
177,ğŸ‘,U+1F44E,thumbs down
178,âœŠ,U+270A,raised fist
179,ğŸ‘Š,U+1F44A,oncoming fist
180,ğŸ¤›,U+1F91B,left-facing fist
181,ğŸ¤œ,U+1F91C,right-facing fist
182,ğŸ‘,U+1F44F,clapping hands
183,ğŸ™Œ,U+1F64C,raising hands
184,ğŸ‘,U+1F450,open hands
185,ğŸ¤²,U+1F932,palms up together
186,ğŸ¤,U+1F91D,handshake
187,ğŸ™,U+1F64F,folded hands
188,âœ,U+270D,writing hand
189,ğŸ’…,U+1F485,nail polish
190,ğŸ¤³,U+1F933,selfie
191,ğŸ’ª,U+1F4AA,flexed biceps
192,ğŸ¦¾,U+1F9BE,mechanical arm
193,ğŸ¦¿,U+1F9BF,mechanical leg
194,ğŸ¦µ,U+1F9B5,leg
195,ğŸ¦¶,U+1F9B6,foot
196,ğŸ‘‚,U+1F442,ear
197,ğŸ¦»,U+1F9BB,ear with hearing aid
198,ğŸ‘ƒ,U+1F443,nose
199,ğŸ§ ,U+1F9E0,brain
200,ğŸ«€,U+1FAC0,anatomical heart
201,ğŸ«,U+1FAC1,lungs
202,ğŸ¦·,U+1F9B7,tooth
203,ğŸ¦´,U+1F9B4,bone
204,ğŸ‘€,U+1F440,eyes
205,ğŸ‘,U+1F441,eye
206,ğŸ‘…,U+1F445,tongue
207,ğŸ‘„,U+1F444,mouth
208,ğŸ‘¶,U+1F476,baby
209,ğŸ§’,U+1F9D2,child
210,ğŸ‘¦,U+1F466,boy
211,ğŸ‘§,U+1F467,girl
212,ğŸ§‘,U+1F9D1,person
213,ğŸ‘±,U+1F471,person: blond hair
214,ğŸ‘¨,U+1F468,man
215,ğŸ§”,U+1F9D4,person: beard
216,ğŸ§”â€â™‚ï¸,U+1F9D4 U+200D U+2642 U+FE0F,âŠ› man: beard
217,ğŸ§”â€â™€ï¸,U+1F9D4 U+200D U+2640 U+FE0F,âŠ› woman: beard
218,ğŸ‘¨â€ğŸ¦°,U+1F468 U+200D U+1F9B0,man: red hair
219,ğŸ‘¨â€ğŸ¦±,U+1F468 U+200D U+1F9B1,man: curly hair
220,ğŸ‘¨â€ğŸ¦³,U+1F468 U+200D U+1F9B3,man: white hair
221,ğŸ‘¨â€ğŸ¦²,U+1F468 U+200D U+1F9B2,man: bald
222,ğŸ‘©,U+1F469,woman
223,ğŸ‘©â€ğŸ¦°,U+1F469 U+200D U+1F9B0,woman: red hair
224,ğŸ§‘â€ğŸ¦°,U+1F9D1 U+200D U+1F9B0,person: red hair
225,ğŸ‘©â€ğŸ¦±,U+1F469 U+200D U+1F9B1,woman: curly hair
226,ğŸ§‘â€ğŸ¦±,U+1F9D1 U+200D U+1F9B1,person: curly hair
227,ğŸ‘©â€ğŸ¦³,U+1F469 U+200D U+1F9B3,woman: white hair
228,ğŸ§‘â€ğŸ¦³,U+1F9D1 U+200D U+1F9B3,person: white hair
229,ğŸ‘©â€ğŸ¦²,U+1F469 U+200D U+1F9B2,woman: bald
230,ğŸ§‘â€ğŸ¦²,U+1F9D1 U+200D U+1F9B2,person: bald
231,ğŸ‘±â€â™€ï¸,U+1F471 U+200D U+2640 U+FE0F,woman: blond hair
232,ğŸ‘±â€â™‚ï¸,U+1F471 U+200D U+2642 U+FE0F,man: blond hair
233,ğŸ§“,U+1F9D3,older person
234,ğŸ‘´,U+1F474,old man
235,ğŸ‘µ,U+1F475,old woman
236,ğŸ™,U+1F64D,person frowning
237,ğŸ™â€â™‚ï¸,U+1F64D U+200D U+2642 U+FE0F,man frowning
238,ğŸ™â€â™€ï¸,U+1F64D U+200D U+2640 U+FE0F,woman frowning
239,ğŸ™,U+1F64E,person pouting
240,ğŸ™â€â™‚ï¸,U+1F64E U+200D U+2642 U+FE0F,man pouting
241,ğŸ™â€â™€ï¸,U+1F64E U+200D U+2640 U+FE0F,woman pouting
242,ğŸ™…,U+1F645,person gesturing NO
243,ğŸ™…â€â™‚ï¸,U+1F645 U+200D U+2642 U+FE0F,man gesturing NO
244,ğŸ™…â€â™€ï¸,U+1F645 U+200D U+2640 U+FE0F,woman gesturing NO
245,ğŸ™†,U+1F646,person gesturing OK
246,ğŸ™†â€â™‚ï¸,U+1F646 U+200D U+2642 U+FE0F,man gesturing OK
247,ğŸ™†â€â™€ï¸,U+1F646 U+200D U+2640 U+FE0F,woman gesturing OK
248,ğŸ’,U+1F481,person tipping hand
249,ğŸ’â€â™‚ï¸,U+1F481 U+200D U+2642 U+FE0F,man tipping hand
250,ğŸ’â€â™€ï¸,U+1F481 U+200D U+2640 U+FE0F,woman tipping hand
251,ğŸ™‹,U+1F64B,person raising hand
252,ğŸ™‹â€â™‚ï¸,U+1F64B U+200D U+2642 U+FE0F,man raising hand
253,ğŸ™‹â€â™€ï¸,U+1F64B U+200D U+2640 U+FE0F,woman raising hand
254,ğŸ§,U+1F9CF,deaf person
255,ğŸ§â€â™‚ï¸,U+1F9CF U+200D U+2642 U+FE0F,deaf man
256,ğŸ§â€â™€ï¸,U+1F9CF U+200D U+2640 U+FE0F,deaf woman
257,ğŸ™‡,U+1F647,person bowing
258,ğŸ™‡â€â™‚ï¸,U+1F647 U+200D U+2642 U+FE0F,man bowing
259,ğŸ™‡â€â™€ï¸,U+1F647 U+200D U+2640 U+FE0F,woman bowing
260,ğŸ¤¦,U+1F926,person facepalming
261,ğŸ¤¦â€â™‚ï¸,U+1F926 U+200D U+2642 U+FE0F,man facepalming
262,ğŸ¤¦â€â™€ï¸,U+1F926 U+200D U+2640 U+FE0F,woman facepalming
263,ğŸ¤·,U+1F937,person shrugging
264,ğŸ¤·â€â™‚ï¸,U+1F937 U+200D U+2642 U+FE0F,man shrugging
265,ğŸ¤·â€â™€ï¸,U+1F937 U+200D U+2640 U+FE0F,woman shrugging
266,ğŸ§‘â€âš•ï¸,U+1F9D1 U+200D U+2695 U+FE0F,health worker
267,ğŸ‘¨â€âš•ï¸,U+1F468 U+200D U+2695 U+FE0F,man health worker
268,ğŸ‘©â€âš•ï¸,U+1F469 U+200D U+2695 U+FE0F,woman health worker
269,ğŸ§‘â€ğŸ“,U+1F9D1 U+200D U+1F393,student
270,ğŸ‘¨â€ğŸ“,U+1F468 U+200D U+1F393,man student
271,ğŸ‘©â€ğŸ“,U+1F469 U+200D U+1F393,woman student
272,ğŸ§‘â€ğŸ«,U+1F9D1 U+200D U+1F3EB,teacher
273,ğŸ‘¨â€ğŸ«,U+1F468 U+200D U+1F3EB,man teacher
274,ğŸ‘©â€ğŸ«,U+1F469 U+200D U+1F3EB,woman teacher
275,ğŸ§‘â€âš–ï¸,U+1F9D1 U+200D U+2696 U+FE0F,judge
276,ğŸ‘¨â€âš–ï¸,U+1F468 U+200D U+2696 U+FE0F,man judge
277,ğŸ‘©â€âš–ï¸,U+1F469 U+200D U+2696 U+FE0F,woman judge
278,ğŸ§‘â€ğŸŒ¾,U+1F9D1 U+200D U+1F33E,farmer
279,ğŸ‘¨â€ğŸŒ¾,U+1F468 U+200D U+1F33E,man farmer
280,ğŸ‘©â€ğŸŒ¾,U+1F469 U+200D U+1F33E,woman farmer
281,ğŸ§‘â€ğŸ³,U+1F9D1 U+200D U+1F373,cook
282,ğŸ‘¨â€ğŸ³,U+1F468 U+200D U+1F373,man cook
283,ğŸ‘©â€ğŸ³,U+1F469 U+200D U+1F373,woman cook
284,ğŸ§‘â€ğŸ”§,U+1F9D1 U+200D U+1F527,mechanic
285,ğŸ‘¨â€ğŸ”§,U+1F468 U+200D U+1F527,man mechanic
286,ğŸ‘©â€ğŸ”§,U+1F469 U+200D U+1F527,woman mechanic
287,ğŸ§‘â€ğŸ­,U+1F9D1 U+200D U+1F3ED,factory worker
288,ğŸ‘¨â€ğŸ­,U+1F468 U+200D U+1F3ED,man factory worker
289,ğŸ‘©â€ğŸ­,U+1F469 U+200D U+1F3ED,woman factory worker
290,ğŸ§‘â€ğŸ’¼,U+1F9D1 U+200D U+1F4BC,office worker
291,ğŸ‘¨â€ğŸ’¼,U+1F468 U+200D U+1F4BC,man office worker
292,ğŸ‘©â€ğŸ’¼,U+1F469 U+200D U+1F4BC,woman office worker
293,ğŸ§‘â€ğŸ”¬,U+1F9D1 U+200D U+1F52C,scientist
294,ğŸ‘¨â€ğŸ”¬,U+1F468 U+200D U+1F52C,man scientist
295,ğŸ‘©â€ğŸ”¬,U+1F469 U+200D U+1F52C,woman scientist
296,ğŸ§‘â€ğŸ’»,U+1F9D1 U+200D U+1F4BB,technologist
297,ğŸ‘¨â€ğŸ’»,U+1F468 U+200D U+1F4BB,man technologist
298,ğŸ‘©â€ğŸ’»,U+1F469 U+200D U+1F4BB,woman technologist
299,ğŸ§‘â€ğŸ¤,U+1F9D1 U+200D U+1F3A4,singer
300,ğŸ‘¨â€ğŸ¤,U+1F468 U+200D U+1F3A4,man singer
301,ğŸ‘©â€ğŸ¤,U+1F469 U+200D U+1F3A4,woman singer
302,ğŸ§‘â€ğŸ¨,U+1F9D1 U+200D U+1F3A8,artist
303,ğŸ‘¨â€ğŸ¨,U+1F468 U+200D U+1F3A8,man artist
304,ğŸ‘©â€ğŸ¨,U+1F469 U+200D U+1F3A8,woman artist
305,ğŸ§‘â€âœˆï¸,U+1F9D1 U+200D U+2708 U+FE0F,pilot
306,ğŸ‘¨â€âœˆï¸,U+1F468 U+200D U+2708 U+FE0F,man pilot
307,ğŸ‘©â€âœˆï¸,U+1F469 U+200D U+2708 U+FE0F,woman pilot
308,ğŸ§‘â€ğŸš€,U+1F9D1 U+200D U+1F680,astronaut
309,ğŸ‘¨â€ğŸš€,U+1F468 U+200D U+1F680,man astronaut
310,ğŸ‘©â€ğŸš€,U+1F469 U+200D U+1F680,woman astronaut
311,ğŸ§‘â€ğŸš’,U+1F9D1 U+200D U+1F692,firefighter
312,ğŸ‘¨â€ğŸš’,U+1F468 U+200D U+1F692,man firefighter
313,ğŸ‘©â€ğŸš’,U+1F469 U+200D U+1F692,woman firefighter
314,ğŸ‘®,U+1F46E,police officer
315,ğŸ‘®â€â™‚ï¸,U+1F46E U+200D U+2642 U+FE0F,man police officer
316,ğŸ‘®â€â™€ï¸,U+1F46E U+200D U+2640 U+FE0F,woman police officer
317,ğŸ•µ,U+1F575,detective
318,ğŸ•µï¸â€â™‚ï¸,U+1F575 U+FE0F U+200D U+2642 U+FE0F,man detective
319,ğŸ•µï¸â€â™€ï¸,U+1F575 U+FE0F U+200D U+2640 U+FE0F,woman detective
320,ğŸ’‚,U+1F482,guard
321,ğŸ’‚â€â™‚ï¸,U+1F482 U+200D U+2642 U+FE0F,man guard
322,ğŸ’‚â€â™€ï¸,U+1F482 U+200D U+2640 U+FE0F,woman guard
323,ğŸ¥·,U+1F977,ninja
324,ğŸ‘·,U+1F477,construction worker
325,ğŸ‘·â€â™‚ï¸,U+1F477 U+200D U+2642 U+FE0F,man construction worker
326,ğŸ‘·â€â™€ï¸,U+1F477 U+200D U+2640 U+FE0F,woman construction worker
327,ğŸ¤´,U+1F934,prince
328,ğŸ‘¸,U+1F478,princess
329,ğŸ‘³,U+1F473,person wearing turban
330,ğŸ‘³â€â™‚ï¸,U+1F473 U+200D U+2642 U+FE0F,man wearing turban
331,ğŸ‘³â€â™€ï¸,U+1F473 U+200D U+2640 U+FE0F,woman wearing turban
332,ğŸ‘²,U+1F472,person with skullcap
333,ğŸ§•,U+1F9D5,woman with headscarf
334,ğŸ¤µ,U+1F935,person in tuxedo
335,ğŸ¤µâ€â™‚ï¸,U+1F935 U+200D U+2642 U+FE0F,man in tuxedo
336,ğŸ¤µâ€â™€ï¸,U+1F935 U+200D U+2640 U+FE0F,woman in tuxedo
337,ğŸ‘°,U+1F470,person with veil
338,ğŸ‘°â€â™‚ï¸,U+1F470 U+200D U+2642 U+FE0F,man with veil
339,ğŸ‘°â€â™€ï¸,U+1F470 U+200D U+2640 U+FE0F,woman with veil
340,ğŸ¤°,U+1F930,pregnant woman
341,ğŸ¤±,U+1F931,breast-feeding
342,ğŸ‘©â€ğŸ¼,U+1F469 U+200D U+1F37C,woman feeding baby
343,ğŸ‘¨â€ğŸ¼,U+1F468 U+200D U+1F37C,man feeding baby
344,ğŸ§‘â€ğŸ¼,U+1F9D1 U+200D U+1F37C,person feeding baby
345,ğŸ‘¼,U+1F47C,baby angel
346,ğŸ…,U+1F385,Santa Claus
347,ğŸ¤¶,U+1F936,Mrs. Claus
348,ğŸ§‘â€ğŸ„,U+1F9D1 U+200D U+1F384,mx claus
349,ğŸ¦¸,U+1F9B8,superhero
350,ğŸ¦¸â€â™‚ï¸,U+1F9B8 U+200D U+2642 U+FE0F,man superhero
351,ğŸ¦¸â€â™€ï¸,U+1F9B8 U+200D U+2640 U+FE0F,woman superhero
352,ğŸ¦¹,U+1F9B9,supervillain
353,ğŸ¦¹â€â™‚ï¸,U+1F9B9 U+200D U+2642 U+FE0F,man supervillain
354,ğŸ¦¹â€â™€ï¸,U+1F9B9 U+200D U+2640 U+FE0F,woman supervillain
355,ğŸ§™,U+1F9D9,mage
356,ğŸ§™â€â™‚ï¸,U+1F9D9 U+200D U+2642 U+FE0F,man mage
357,ğŸ§™â€â™€ï¸,U+1F9D9 U+200D U+2640 U+FE0F,woman mage
358,ğŸ§š,U+1F9DA,fairy
359,ğŸ§šâ€â™‚ï¸,U+1F9DA U+200D U+2642 U+FE0F,man fairy
360,ğŸ§šâ€â™€ï¸,U+1F9DA U+200D U+2640 U+FE0F,woman fairy
361,ğŸ§›,U+1F9DB,vampire
362,ğŸ§›â€â™‚ï¸,U+1F9DB U+200D U+2642 U+FE0F,man vampire
363,ğŸ§›â€â™€ï¸,U+1F9DB U+200D U+2640 U+FE0F,woman vampire
364,ğŸ§œ,U+1F9DC,merperson
365,ğŸ§œâ€â™‚ï¸,U+1F9DC U+200D U+2642 U+FE0F,merman
366,ğŸ§œâ€â™€ï¸,U+1F9DC U+200D U+2640 U+FE0F,mermaid
367,ğŸ§,U+1F9DD,elf
368,ğŸ§â€â™‚ï¸,U+1F9DD U+200D U+2642 U+FE0F,man elf
369,ğŸ§â€â™€ï¸,U+1F9DD U+200D U+2640 U+FE0F,woman elf
370,ğŸ§,U+1F9DE,genie
371,ğŸ§â€â™‚ï¸,U+1F9DE U+200D U+2642 U+FE0F,man genie
372,ğŸ§â€â™€ï¸,U+1F9DE U+200D U+2640 U+FE0F,woman genie
373,ğŸ§Ÿ,U+1F9DF,zombie
374,ğŸ§Ÿâ€â™‚ï¸,U+1F9DF U+200D U+2642 U+FE0F,man zombie
375,ğŸ§Ÿâ€â™€ï¸,U+1F9DF U+200D U+2640 U+FE0F,woman zombie
376,ğŸ’†,U+1F486,person getting massage
377,ğŸ’†â€â™‚ï¸,U+1F486 U+200D U+2642 U+FE0F,man getting massage
378,ğŸ’†â€â™€ï¸,U+1F486 U+200D U+2640 U+FE0F,woman getting massage
379,ğŸ’‡,U+1F487,person getting haircut
380,ğŸ’‡â€â™‚ï¸,U+1F487 U+200D U+2642 U+FE0F,man getting haircut
381,ğŸ’‡â€â™€ï¸,U+1F487 U+200D U+2640 U+FE0F,woman getting haircut
382,ğŸš¶,U+1F6B6,person walking
383,ğŸš¶â€â™‚ï¸,U+1F6B6 U+200D U+2642 U+FE0F,man walking
384,ğŸš¶â€â™€ï¸,U+1F6B6 U+200D U+2640 U+FE0F,woman walking
385,ğŸ§,U+1F9CD,person standing
386,ğŸ§â€â™‚ï¸,U+1F9CD U+200D U+2642 U+FE0F,man standing
387,ğŸ§â€â™€ï¸,U+1F9CD U+200D U+2640 U+FE0F,woman standing
388,ğŸ§,U+1F9CE,person kneeling
389,ğŸ§â€â™‚ï¸,U+1F9CE U+200D U+2642 U+FE0F,man kneeling
390,ğŸ§â€â™€ï¸,U+1F9CE U+200D U+2640 U+FE0F,woman kneeling
391,ğŸ§‘â€ğŸ¦¯,U+1F9D1 U+200D U+1F9AF,person with white cane
392,ğŸ‘¨â€ğŸ¦¯,U+1F468 U+200D U+1F9AF,man with white cane
393,ğŸ‘©â€ğŸ¦¯,U+1F469 U+200D U+1F9AF,woman with white cane
394,ğŸ§‘â€ğŸ¦¼,U+1F9D1 U+200D U+1F9BC,person in motorized wheelchair
395,ğŸ‘¨â€ğŸ¦¼,U+1F468 U+200D U+1F9BC,man in motorized wheelchair
396,ğŸ‘©â€ğŸ¦¼,U+1F469 U+200D U+1F9BC,woman in motorized wheelchair
397,ğŸ§‘â€ğŸ¦½,U+1F9D1 U+200D U+1F9BD,person in manual wheelchair
398,ğŸ‘¨â€ğŸ¦½,U+1F468 U+200D U+1F9BD,man in manual wheelchair
399,ğŸ‘©â€ğŸ¦½,U+1F469 U+200D U+1F9BD,woman in manual wheelchair
400,ğŸƒ,U+1F3C3,person running
401,ğŸƒâ€â™‚ï¸,U+1F3C3 U+200D U+2642 U+FE0F,man running
402,ğŸƒâ€â™€ï¸,U+1F3C3 U+200D U+2640 U+FE0F,woman running
403,ğŸ’ƒ,U+1F483,woman dancing
404,ğŸ•º,U+1F57A,man dancing
405,ğŸ•´,U+1F574,person in suit levitating
406,ğŸ‘¯,U+1F46F,people with bunny ears
407,ğŸ‘¯â€â™‚ï¸,U+1F46F U+200D U+2642 U+FE0F,men with bunny ears
408,ğŸ‘¯â€â™€ï¸,U+1F46F U+200D U+2640 U+FE0F,women with bunny ears
409,ğŸ§–,U+1F9D6,person in steamy room
410,ğŸ§–â€â™‚ï¸,U+1F9D6 U+200D U+2642 U+FE0F,man in steamy room
411,ğŸ§–â€â™€ï¸,U+1F9D6 U+200D U+2640 U+FE0F,woman in steamy room
412,ğŸ§—,U+1F9D7,person climbing
413,ğŸ§—â€â™‚ï¸,U+1F9D7 U+200D U+2642 U+FE0F,man climbing
414,ğŸ§—â€â™€ï¸,U+1F9D7 U+200D U+2640 U+FE0F,woman climbing
415,ğŸ¤º,U+1F93A,person fencing
416,ğŸ‡,U+1F3C7,horse racing
417,â›·,U+26F7,skier
418,ğŸ‚,U+1F3C2,snowboarder
419,ğŸŒ,U+1F3CC,person golfing
420,ğŸŒï¸â€â™‚ï¸,U+1F3CC U+FE0F U+200D U+2642 U+FE0F,man golfing
421,ğŸŒï¸â€â™€ï¸,U+1F3CC U+FE0F U+200D U+2640 U+FE0F,woman golfing
422,ğŸ„,U+1F3C4,person surfing
423,ğŸ„â€â™‚ï¸,U+1F3C4 U+200D U+2642 U+FE0F,man surfing
424,ğŸ„â€â™€ï¸,U+1F3C4 U+200D U+2640 U+FE0F,woman surfing
425,ğŸš£,U+1F6A3,person rowing boat
426,ğŸš£â€â™‚ï¸,U+1F6A3 U+200D U+2642 U+FE0F,man rowing boat
427,ğŸš£â€â™€ï¸,U+1F6A3 U+200D U+2640 U+FE0F,woman rowing boat
428,ğŸŠ,U+1F3CA,person swimming
429,ğŸŠâ€â™‚ï¸,U+1F3CA U+200D U+2642 U+FE0F,man swimming
430,ğŸŠâ€â™€ï¸,U+1F3CA U+200D U+2640 U+FE0F,woman swimming
431,â›¹,U+26F9,person bouncing ball
432,â›¹ï¸â€â™‚ï¸,U+26F9 U+FE0F U+200D U+2642 U+FE0F,man bouncing ball
433,â›¹ï¸â€â™€ï¸,U+26F9 U+FE0F U+200D U+2640 U+FE0F,woman bouncing ball
434,ğŸ‹,U+1F3CB,person lifting weights
435,ğŸ‹ï¸â€â™‚ï¸,U+1F3CB U+FE0F U+200D U+2642 U+FE0F,man lifting weights
436,ğŸ‹ï¸â€â™€ï¸,U+1F3CB U+FE0F U+200D U+2640 U+FE0F,woman lifting weights
437,ğŸš´,U+1F6B4,person biking
438,ğŸš´â€â™‚ï¸,U+1F6B4 U+200D U+2642 U+FE0F,man biking
439,ğŸš´â€â™€ï¸,U+1F6B4 U+200D U+2640 U+FE0F,woman biking
440,ğŸšµ,U+1F6B5,person mountain biking
441,ğŸšµâ€â™‚ï¸,U+1F6B5 U+200D U+2642 U+FE0F,man mountain biking
442,ğŸšµâ€â™€ï¸,U+1F6B5 U+200D U+2640 U+FE0F,woman mountain biking
443,ğŸ¤¸,U+1F938,person cartwheeling
444,ğŸ¤¸â€â™‚ï¸,U+1F938 U+200D U+2642 U+FE0F,man cartwheeling
445,ğŸ¤¸â€â™€ï¸,U+1F938 U+200D U+2640 U+FE0F,woman cartwheeling
446,ğŸ¤¼,U+1F93C,people wrestling
447,ğŸ¤¼â€â™‚ï¸,U+1F93C U+200D U+2642 U+FE0F,men wrestling
448,ğŸ¤¼â€â™€ï¸,U+1F93C U+200D U+2640 U+FE0F,women wrestling
449,ğŸ¤½,U+1F93D,person playing water polo
450,ğŸ¤½â€â™‚ï¸,U+1F93D U+200D U+2642 U+FE0F,man playing water polo
451,ğŸ¤½â€â™€ï¸,U+1F93D U+200D U+2640 U+FE0F,woman playing water polo
452,ğŸ¤¾,U+1F93E,person playing handball
453,ğŸ¤¾â€â™‚ï¸,U+1F93E U+200D U+2642 U+FE0F,man playing handball
454,ğŸ¤¾â€â™€ï¸,U+1F93E U+200D U+2640 U+FE0F,woman playing handball
455,ğŸ¤¹,U+1F939,person juggling
456,ğŸ¤¹â€â™‚ï¸,U+1F939 U+200D U+2642 U+FE0F,man juggling
457,ğŸ¤¹â€â™€ï¸,U+1F939 U+200D U+2640 U+FE0F,woman juggling
458,ğŸ§˜,U+1F9D8,person in lotus position
459,ğŸ§˜â€â™‚ï¸,U+1F9D8 U+200D U+2642 U+FE0F,man in lotus position
460,ğŸ§˜â€â™€ï¸,U+1F9D8 U+200D U+2640 U+FE0F,woman in lotus position
461,ğŸ›€,U+1F6C0,person taking bath
462,ğŸ›Œ,U+1F6CC,person in bed
463,ğŸ§‘â€ğŸ¤â€ğŸ§‘,U+1F9D1 U+200D U+1F91D U+200D U+1F9D1,people holding hands
464,ğŸ‘­,U+1F46D,women holding hands
465,ğŸ‘«,U+1F46B,woman and man holding hands
466,ğŸ‘¬,U+1F46C,men holding hands
467,ğŸ’,U+1F48F,kiss
468,ğŸ‘©â€â¤ï¸â€ğŸ’‹â€ğŸ‘¨,U+1F469 U+200D U+2764 U+FE0F U+200D U+1F48B U+200D U+1F468,"kiss: woman, man"
469,ğŸ‘¨â€â¤ï¸â€ğŸ’‹â€ğŸ‘¨,U+1F468 U+200D U+2764 U+FE0F U+200D U+1F48B U+200D U+1F468,"kiss: man, man"
470,ğŸ‘©â€â¤ï¸â€ğŸ’‹â€ğŸ‘©,U+1F469 U+200D U+2764 U+FE0F U+200D U+1F48B U+200D U+1F469,"kiss: woman, woman"
471,ğŸ’‘,U+1F491,couple with heart
472,ğŸ‘©â€â¤ï¸â€ğŸ‘¨,U+1F469 U+200D U+2764 U+FE0F U+200D U+1F468,"couple with heart: woman, man"
473,ğŸ‘¨â€â¤ï¸â€ğŸ‘¨,U+1F468 U+200D U+2764 U+FE0F U+200D U+1F468,"couple with heart: man, man"
474,ğŸ‘©â€â¤ï¸â€ğŸ‘©,U+1F469 U+200D U+2764 U+FE0F U+200D U+1F469,"couple with heart: woman, woman"
475,ğŸ‘ª,U+1F46A,family
476,ğŸ‘¨â€ğŸ‘©â€ğŸ‘¦,U+1F468 U+200D U+1F469 U+200D U+1F466,"family: man, woman, boy"
477,ğŸ‘¨â€ğŸ‘©â€ğŸ‘§,U+1F468 U+200D U+1F469 U+200D U+1F467,"family: man, woman, girl"
478,ğŸ‘¨â€ğŸ‘©â€ğŸ‘§â€ğŸ‘¦,U+1F468 U+200D U+1F469 U+200D U+1F467 U+200D U+1F466,"family: man, woman, girl, boy"
479,ğŸ‘¨â€ğŸ‘©â€ğŸ‘¦â€ğŸ‘¦,U+1F468 U+200D U+1F469 U+200D U+1F466 U+200D U+1F466,"family: man, woman, boy, boy"
480,ğŸ‘¨â€ğŸ‘©â€ğŸ‘§â€ğŸ‘§,U+1F468 U+200D U+1F469 U+200D U+1F467 U+200D U+1F467,"family: man, woman, girl, girl"
481,ğŸ‘¨â€ğŸ‘¨â€ğŸ‘¦,U+1F468 U+200D U+1F468 U+200D U+1F466,"family: man, man, boy"
482,ğŸ‘¨â€ğŸ‘¨â€ğŸ‘§,U+1F468 U+200D U+1F468 U+200D U+1F467,"family: man, man, girl"
483,ğŸ‘¨â€ğŸ‘¨â€ğŸ‘§â€ğŸ‘¦,U+1F468 U+200D U+1F468 U+200D U+1F467 U+200D U+1F466,"family: man, man, girl, boy"
484,ğŸ‘¨â€ğŸ‘¨â€ğŸ‘¦â€ğŸ‘¦,U+1F468 U+200D U+1F468 U+200D U+1F466 U+200D U+1F466,"family: man, man, boy, boy"
485,ğŸ‘¨â€ğŸ‘¨â€ğŸ‘§â€ğŸ‘§,U+1F468 U+200D U+1F468 U+200D U+1F467 U+200D U+1F467,"family: man, man, girl, girl"
486,ğŸ‘©â€ğŸ‘©â€ğŸ‘¦,U+1F469 U+200D U+1F469 U+200D U+1F466,"family: woman, woman, boy"
487,ğŸ‘©â€ğŸ‘©â€ğŸ‘§,U+1F469 U+200D U+1F469 U+200D U+1F467,"family: woman, woman, girl"
488,ğŸ‘©â€ğŸ‘©â€ğŸ‘§â€ğŸ‘¦,U+1F469 U+200D U+1F469 U+200D U+1F467 U+200D U+1F466,"family: woman, woman, girl, boy"
489,ğŸ‘©â€ğŸ‘©â€ğŸ‘¦â€ğŸ‘¦,U+1F469 U+200D U+1F469 U+200D U+1F466 U+200D U+1F466,"family: woman, woman, boy, boy"
490,ğŸ‘©â€ğŸ‘©â€ğŸ‘§â€ğŸ‘§,U+1F469 U+200D U+1F469 U+200D U+1F467 U+200D U+1F467,"family: woman, woman, girl, girl"
491,ğŸ‘¨â€ğŸ‘¦,U+1F468 U+200D U+1F466,"family: man, boy"
492,ğŸ‘¨â€ğŸ‘¦â€ğŸ‘¦,U+1F468 U+200D U+1F466 U+200D U+1F466,"family: man, boy, boy"
493,ğŸ‘¨â€ğŸ‘§,U+1F468 U+200D U+1F467,"family: man, girl"
494,ğŸ‘¨â€ğŸ‘§â€ğŸ‘¦,U+1F468 U+200D U+1F467 U+200D U+1F466,"family: man, girl, boy"
495,ğŸ‘¨â€ğŸ‘§â€ğŸ‘§,U+1F468 U+200D U+1F467 U+200D U+1F467,"family: man, girl, girl"
496,ğŸ‘©â€ğŸ‘¦,U+1F469 U+200D U+1F466,"family: woman, boy"
497,ğŸ‘©â€ğŸ‘¦â€ğŸ‘¦,U+1F469 U+200D U+1F466 U+200D U+1F466,"family: woman, boy, boy"
498,ğŸ‘©â€ğŸ‘§,U+1F469 U+200D U+1F467,"family: woman, girl"
499,ğŸ‘©â€ğŸ‘§â€ğŸ‘¦,U+1F469 U+200D U+1F467 U+200D U+1F466,"family: woman, girl, boy"
500,ğŸ‘©â€ğŸ‘§â€ğŸ‘§,U+1F469 U+200D U+1F467 U+200D U+1F467,"family: woman, girl, girl"
501,ğŸ—£,U+1F5E3,speaking head
502,ğŸ‘¤,U+1F464,bust in silhouette
503,ğŸ‘¥,U+1F465,busts in silhouette
504,ğŸ«‚,U+1FAC2,people hugging
505,ğŸ‘£,U+1F463,footprints
506,ğŸ¦°,U+1F9B0,red hair
507,ğŸ¦±,U+1F9B1,curly hair
508,ğŸ¦³,U+1F9B3,white hair
509,ğŸ¦²,U+1F9B2,bald
510,ğŸµ,U+1F435,monkey face
511,ğŸ’,U+1F412,monkey
512,ğŸ¦,U+1F98D,gorilla
513,ğŸ¦§,U+1F9A7,orangutan
514,ğŸ¶,U+1F436,dog face
515,ğŸ•,U+1F415,dog
516,ğŸ¦®,U+1F9AE,guide dog
517,ğŸ•â€ğŸ¦º,U+1F415 U+200D U+1F9BA,service dog
518,ğŸ©,U+1F429,poodle
519,ğŸº,U+1F43A,wolf
520,ğŸ¦Š,U+1F98A,fox
521,ğŸ¦,U+1F99D,raccoon
522,ğŸ±,U+1F431,cat face
523,ğŸˆ,U+1F408,cat
524,ğŸˆâ€â¬›,U+1F408 U+200D U+2B1B,black cat
525,ğŸ¦,U+1F981,lion
526,ğŸ¯,U+1F42F,tiger face
527,ğŸ…,U+1F405,tiger
528,ğŸ†,U+1F406,leopard
529,ğŸ´,U+1F434,horse face
530,ğŸ,U+1F40E,horse
531,ğŸ¦„,U+1F984,unicorn
532,ğŸ¦“,U+1F993,zebra
533,ğŸ¦Œ,U+1F98C,deer
534,ğŸ¦¬,U+1F9AC,bison
535,ğŸ®,U+1F42E,cow face
536,ğŸ‚,U+1F402,ox
537,ğŸƒ,U+1F403,water buffalo
538,ğŸ„,U+1F404,cow
539,ğŸ·,U+1F437,pig face
540,ğŸ–,U+1F416,pig
541,ğŸ—,U+1F417,boar
542,ğŸ½,U+1F43D,pig nose
543,ğŸ,U+1F40F,ram
544,ğŸ‘,U+1F411,ewe
545,ğŸ,U+1F410,goat
546,ğŸª,U+1F42A,camel
547,ğŸ«,U+1F42B,two-hump camel
548,ğŸ¦™,U+1F999,llama
549,ğŸ¦’,U+1F992,giraffe
550,ğŸ˜,U+1F418,elephant
551,ğŸ¦£,U+1F9A3,mammoth
552,ğŸ¦,U+1F98F,rhinoceros
553,ğŸ¦›,U+1F99B,hippopotamus
554,ğŸ­,U+1F42D,mouse face
555,ğŸ,U+1F401,mouse
556,ğŸ€,U+1F400,rat
557,ğŸ¹,U+1F439,hamster
558,ğŸ°,U+1F430,rabbit face
559,ğŸ‡,U+1F407,rabbit
560,ğŸ¿,U+1F43F,chipmunk
561,ğŸ¦«,U+1F9AB,beaver
562,ğŸ¦”,U+1F994,hedgehog
563,ğŸ¦‡,U+1F987,bat
564,ğŸ»,U+1F43B,bear
565,ğŸ»â€â„ï¸,U+1F43B U+200D U+2744 U+FE0F,polar bear
566,ğŸ¨,U+1F428,koala
567,ğŸ¼,U+1F43C,panda
568,ğŸ¦¥,U+1F9A5,sloth
569,ğŸ¦¦,U+1F9A6,otter
570,ğŸ¦¨,U+1F9A8,skunk
571,ğŸ¦˜,U+1F998,kangaroo
572,ğŸ¦¡,U+1F9A1,badger
573,ğŸ¾,U+1F43E,paw prints
574,ğŸ¦ƒ,U+1F983,turkey
575,ğŸ”,U+1F414,chicken
576,ğŸ“,U+1F413,rooster
577,ğŸ£,U+1F423,hatching chick
578,ğŸ¤,U+1F424,baby chick
579,ğŸ¥,U+1F425,front-facing baby chick
580,ğŸ¦,U+1F426,bird
581,ğŸ§,U+1F427,penguin
582,ğŸ•Š,U+1F54A,dove
583,ğŸ¦…,U+1F985,eagle
584,ğŸ¦†,U+1F986,duck
585,ğŸ¦¢,U+1F9A2,swan
586,ğŸ¦‰,U+1F989,owl
587,ğŸ¦¤,U+1F9A4,dodo
588,ğŸª¶,U+1FAB6,feather
589,ğŸ¦©,U+1F9A9,flamingo
590,ğŸ¦š,U+1F99A,peacock
591,ğŸ¦œ,U+1F99C,parrot
592,ğŸ¸,U+1F438,frog
593,ğŸŠ,U+1F40A,crocodile
594,ğŸ¢,U+1F422,turtle
595,ğŸ¦,U+1F98E,lizard
596,ğŸ,U+1F40D,snake
597,ğŸ²,U+1F432,dragon face
598,ğŸ‰,U+1F409,dragon
599,ğŸ¦•,U+1F995,sauropod
600,ğŸ¦–,U+1F996,T-Rex
601,ğŸ³,U+1F433,spouting whale
602,ğŸ‹,U+1F40B,whale
603,ğŸ¬,U+1F42C,dolphin
604,ğŸ¦­,U+1F9AD,seal
605,ğŸŸ,U+1F41F,fish
606,ğŸ ,U+1F420,tropical fish
607,ğŸ¡,U+1F421,blowfish
608,ğŸ¦ˆ,U+1F988,shark
609,ğŸ™,U+1F419,octopus
610,ğŸš,U+1F41A,spiral shell
611,ğŸŒ,U+1F40C,snail
612,ğŸ¦‹,U+1F98B,butterfly
613,ğŸ›,U+1F41B,bug
614,ğŸœ,U+1F41C,ant
615,ğŸ,U+1F41D,honeybee
616,ğŸª²,U+1FAB2,beetle
617,ğŸ,U+1F41E,lady beetle
618,ğŸ¦—,U+1F997,cricket
619,ğŸª³,U+1FAB3,cockroach
620,ğŸ•·,U+1F577,spider
621,ğŸ•¸,U+1F578,spider web
622,ğŸ¦‚,U+1F982,scorpion
623,ğŸ¦Ÿ,U+1F99F,mosquito
624,ğŸª°,U+1FAB0,fly
625,ğŸª±,U+1FAB1,worm
626,ğŸ¦ ,U+1F9A0,microbe
627,ğŸ’,U+1F490,bouquet
628,ğŸŒ¸,U+1F338,cherry blossom
629,ğŸ’®,U+1F4AE,white flower
630,ğŸµ,U+1F3F5,rosette
631,ğŸŒ¹,U+1F339,rose
632,ğŸ¥€,U+1F940,wilted flower
633,ğŸŒº,U+1F33A,hibiscus
634,ğŸŒ»,U+1F33B,sunflower
635,ğŸŒ¼,U+1F33C,blossom
636,ğŸŒ·,U+1F337,tulip
637,ğŸŒ±,U+1F331,seedling
638,ğŸª´,U+1FAB4,potted plant
639,ğŸŒ²,U+1F332,evergreen tree
640,ğŸŒ³,U+1F333,deciduous tree
641,ğŸŒ´,U+1F334,palm tree
642,ğŸŒµ,U+1F335,cactus
643,ğŸŒ¾,U+1F33E,sheaf of rice
644,ğŸŒ¿,U+1F33F,herb
645,â˜˜,U+2618,shamrock
646,ğŸ€,U+1F340,four leaf clover
647,ğŸ,U+1F341,maple leaf
648,ğŸ‚,U+1F342,fallen leaf
649,ğŸƒ,U+1F343,leaf fluttering in wind
650,ğŸ‡,U+1F347,grapes
651,ğŸˆ,U+1F348,melon
652,ğŸ‰,U+1F349,watermelon
653,ğŸŠ,U+1F34A,tangerine
654,ğŸ‹,U+1F34B,lemon
655,ğŸŒ,U+1F34C,banana
656,ğŸ,U+1F34D,pineapple
657,ğŸ¥­,U+1F96D,mango
658,ğŸ,U+1F34E,red apple
659,ğŸ,U+1F34F,green apple
660,ğŸ,U+1F350,pear
661,ğŸ‘,U+1F351,peach
662,ğŸ’,U+1F352,cherries
663,ğŸ“,U+1F353,strawberry
664,ğŸ«,U+1FAD0,blueberries
665,ğŸ¥,U+1F95D,kiwi fruit
666,ğŸ…,U+1F345,tomato
667,ğŸ«’,U+1FAD2,olive
668,ğŸ¥¥,U+1F965,coconut
669,ğŸ¥‘,U+1F951,avocado
670,ğŸ†,U+1F346,eggplant
671,ğŸ¥”,U+1F954,potato
672,ğŸ¥•,U+1F955,carrot
673,ğŸŒ½,U+1F33D,ear of corn
674,ğŸŒ¶,U+1F336,hot pepper
675,ğŸ«‘,U+1FAD1,bell pepper
676,ğŸ¥’,U+1F952,cucumber
677,ğŸ¥¬,U+1F96C,leafy green
678,ğŸ¥¦,U+1F966,broccoli
679,ğŸ§„,U+1F9C4,garlic
680,ğŸ§…,U+1F9C5,onion
681,ğŸ„,U+1F344,mushroom
682,ğŸ¥œ,U+1F95C,peanuts
683,ğŸŒ°,U+1F330,chestnut
684,ğŸ,U+1F35E,bread
685,ğŸ¥,U+1F950,croissant
686,ğŸ¥–,U+1F956,baguette bread
687,ğŸ«“,U+1FAD3,flatbread
688,ğŸ¥¨,U+1F968,pretzel
689,ğŸ¥¯,U+1F96F,bagel
690,ğŸ¥,U+1F95E,pancakes
691,ğŸ§‡,U+1F9C7,waffle
692,ğŸ§€,U+1F9C0,cheese wedge
693,ğŸ–,U+1F356,meat on bone
694,ğŸ—,U+1F357,poultry leg
695,ğŸ¥©,U+1F969,cut of meat
696,ğŸ¥“,U+1F953,bacon
697,ğŸ”,U+1F354,hamburger
698,ğŸŸ,U+1F35F,french fries
699,ğŸ•,U+1F355,pizza
700,ğŸŒ­,U+1F32D,hot dog
701,ğŸ¥ª,U+1F96A,sandwich
702,ğŸŒ®,U+1F32E,taco
703,ğŸŒ¯,U+1F32F,burrito
704,ğŸ«”,U+1FAD4,tamale
705,ğŸ¥™,U+1F959,stuffed flatbread
706,ğŸ§†,U+1F9C6,falafel
707,ğŸ¥š,U+1F95A,egg
708,ğŸ³,U+1F373,cooking
709,ğŸ¥˜,U+1F958,shallow pan of food
710,ğŸ²,U+1F372,pot of food
711,ğŸ«•,U+1FAD5,fondue
712,ğŸ¥£,U+1F963,bowl with spoon
713,ğŸ¥—,U+1F957,green salad
714,ğŸ¿,U+1F37F,popcorn
715,ğŸ§ˆ,U+1F9C8,butter
716,ğŸ§‚,U+1F9C2,salt
717,ğŸ¥«,U+1F96B,canned food
718,ğŸ±,U+1F371,bento box
719,ğŸ˜,U+1F358,rice cracker
720,ğŸ™,U+1F359,rice ball
721,ğŸš,U+1F35A,cooked rice
722,ğŸ›,U+1F35B,curry rice
723,ğŸœ,U+1F35C,steaming bowl
724,ğŸ,U+1F35D,spaghetti
725,ğŸ ,U+1F360,roasted sweet potato
726,ğŸ¢,U+1F362,oden
727,ğŸ£,U+1F363,sushi
728,ğŸ¤,U+1F364,fried shrimp
729,ğŸ¥,U+1F365,fish cake with swirl
730,ğŸ¥®,U+1F96E,moon cake
731,ğŸ¡,U+1F361,dango
732,ğŸ¥Ÿ,U+1F95F,dumpling
733,ğŸ¥ ,U+1F960,fortune cookie
734,ğŸ¥¡,U+1F961,takeout box
735,ğŸ¦€,U+1F980,crab
736,ğŸ¦,U+1F99E,lobster
737,ğŸ¦,U+1F990,shrimp
738,ğŸ¦‘,U+1F991,squid
739,ğŸ¦ª,U+1F9AA,oyster
740,ğŸ¦,U+1F366,soft ice cream
741,ğŸ§,U+1F367,shaved ice
742,ğŸ¨,U+1F368,ice cream
743,ğŸ©,U+1F369,doughnut
744,ğŸª,U+1F36A,cookie
745,ğŸ‚,U+1F382,birthday cake
746,ğŸ°,U+1F370,shortcake
747,ğŸ§,U+1F9C1,cupcake
748,ğŸ¥§,U+1F967,pie
749,ğŸ«,U+1F36B,chocolate bar
750,ğŸ¬,U+1F36C,candy
751,ğŸ­,U+1F36D,lollipop
752,ğŸ®,U+1F36E,custard
753,ğŸ¯,U+1F36F,honey pot
754,ğŸ¼,U+1F37C,baby bottle
755,ğŸ¥›,U+1F95B,glass of milk
756,â˜•,U+2615,hot beverage
757,ğŸ«–,U+1FAD6,teapot
758,ğŸµ,U+1F375,teacup without handle
759,ğŸ¶,U+1F376,sake
760,ğŸ¾,U+1F37E,bottle with popping cork
761,ğŸ·,U+1F377,wine glass
762,ğŸ¸,U+1F378,cocktail glass
763,ğŸ¹,U+1F379,tropical drink
764,ğŸº,U+1F37A,beer mug
765,ğŸ»,U+1F37B,clinking beer mugs
766,ğŸ¥‚,U+1F942,clinking glasses
767,ğŸ¥ƒ,U+1F943,tumbler glass
768,ğŸ¥¤,U+1F964,cup with straw
769,ğŸ§‹,U+1F9CB,bubble tea
770,ğŸ§ƒ,U+1F9C3,beverage box
771,ğŸ§‰,U+1F9C9,mate
772,ğŸ§Š,U+1F9CA,ice
773,ğŸ¥¢,U+1F962,chopsticks
774,ğŸ½,U+1F37D,fork and knife with plate
775,ğŸ´,U+1F374,fork and knife
776,ğŸ¥„,U+1F944,spoon
777,ğŸ”ª,U+1F52A,kitchen knife
778,ğŸº,U+1F3FA,amphora
779,ğŸŒ,U+1F30D,globe showing Europe-Africa
780,ğŸŒ,U+1F30E,globe showing Americas
781,ğŸŒ,U+1F30F,globe showing Asia-Australia
782,ğŸŒ,U+1F310,globe with meridians
783,ğŸ—º,U+1F5FA,world map
784,ğŸ—¾,U+1F5FE,map of Japan
785,ğŸ§­,U+1F9ED,compass
786,ğŸ”,U+1F3D4,snow-capped mountain
787,â›°,U+26F0,mountain
788,ğŸŒ‹,U+1F30B,volcano
789,ğŸ—»,U+1F5FB,mount fuji
790,ğŸ•,U+1F3D5,camping
791,ğŸ–,U+1F3D6,beach with umbrella
792,ğŸœ,U+1F3DC,desert
793,ğŸ,U+1F3DD,desert island
794,ğŸ,U+1F3DE,national park
795,ğŸŸ,U+1F3DF,stadium
796,ğŸ›,U+1F3DB,classical building
797,ğŸ—,U+1F3D7,building construction
798,ğŸ§±,U+1F9F1,brick
799,ğŸª¨,U+1FAA8,rock
800,ğŸªµ,U+1FAB5,wood
801,ğŸ›–,U+1F6D6,hut
802,ğŸ˜,U+1F3D8,houses
803,ğŸš,U+1F3DA,derelict house
804,ğŸ ,U+1F3E0,house
805,ğŸ¡,U+1F3E1,house with garden
806,ğŸ¢,U+1F3E2,office building
807,ğŸ£,U+1F3E3,Japanese post office
808,ğŸ¤,U+1F3E4,post office
809,ğŸ¥,U+1F3E5,hospital
810,ğŸ¦,U+1F3E6,bank
811,ğŸ¨,U+1F3E8,hotel
812,ğŸ©,U+1F3E9,love hotel
813,ğŸª,U+1F3EA,convenience store
814,ğŸ«,U+1F3EB,school
815,ğŸ¬,U+1F3EC,department store
816,ğŸ­,U+1F3ED,factory
817,ğŸ¯,U+1F3EF,Japanese castle
818,ğŸ°,U+1F3F0,castle
819,ğŸ’’,U+1F492,wedding
820,ğŸ—¼,U+1F5FC,Tokyo tower
821,ğŸ—½,U+1F5FD,Statue of Liberty
822,â›ª,U+26EA,church
823,ğŸ•Œ,U+1F54C,mosque
824,ğŸ›•,U+1F6D5,hindu temple
825,ğŸ•,U+1F54D,synagogue
826,â›©,U+26E9,shinto shrine
827,ğŸ•‹,U+1F54B,kaaba
828,â›²,U+26F2,fountain
829,â›º,U+26FA,tent
830,ğŸŒ,U+1F301,foggy
831,ğŸŒƒ,U+1F303,night with stars
832,ğŸ™,U+1F3D9,cityscape
833,ğŸŒ„,U+1F304,sunrise over mountains
834,ğŸŒ…,U+1F305,sunrise
835,ğŸŒ†,U+1F306,cityscape at dusk
836,ğŸŒ‡,U+1F307,sunset
837,ğŸŒ‰,U+1F309,bridge at night
838,â™¨,U+2668,hot springs
839,ğŸ ,U+1F3A0,carousel horse
840,ğŸ¡,U+1F3A1,ferris wheel
841,ğŸ¢,U+1F3A2,roller coaster
842,ğŸ’ˆ,U+1F488,barber pole
843,ğŸª,U+1F3AA,circus tent
844,ğŸš‚,U+1F682,locomotive
845,ğŸšƒ,U+1F683,railway car
846,ğŸš„,U+1F684,high-speed train
847,ğŸš…,U+1F685,bullet train
848,ğŸš†,U+1F686,train
849,ğŸš‡,U+1F687,metro
850,ğŸšˆ,U+1F688,light rail
851,ğŸš‰,U+1F689,station
852,ğŸšŠ,U+1F68A,tram
853,ğŸš,U+1F69D,monorail
854,ğŸš,U+1F69E,mountain railway
855,ğŸš‹,U+1F68B,tram car
856,ğŸšŒ,U+1F68C,bus
857,ğŸš,U+1F68D,oncoming bus
858,ğŸš,U+1F68E,trolleybus
859,ğŸš,U+1F690,minibus
860,ğŸš‘,U+1F691,ambulance
861,ğŸš’,U+1F692,fire engine
862,ğŸš“,U+1F693,police car
863,ğŸš”,U+1F694,oncoming police car
864,ğŸš•,U+1F695,taxi
865,ğŸš–,U+1F696,oncoming taxi
866,ğŸš—,U+1F697,automobile
867,ğŸš˜,U+1F698,oncoming automobile
868,ğŸš™,U+1F699,sport utility vehicle
869,ğŸ›»,U+1F6FB,pickup truck
870,ğŸšš,U+1F69A,delivery truck
871,ğŸš›,U+1F69B,articulated lorry
872,ğŸšœ,U+1F69C,tractor
873,ğŸ,U+1F3CE,racing car
874,ğŸ,U+1F3CD,motorcycle
875,ğŸ›µ,U+1F6F5,motor scooter
876,ğŸ¦½,U+1F9BD,manual wheelchair
877,ğŸ¦¼,U+1F9BC,motorized wheelchair
878,ğŸ›º,U+1F6FA,auto rickshaw
879,ğŸš²,U+1F6B2,bicycle
880,ğŸ›´,U+1F6F4,kick scooter
881,ğŸ›¹,U+1F6F9,skateboard
882,ğŸ›¼,U+1F6FC,roller skate
883,ğŸš,U+1F68F,bus stop
884,ğŸ›£,U+1F6E3,motorway
885,ğŸ›¤,U+1F6E4,railway track
886,ğŸ›¢,U+1F6E2,oil drum
887,â›½,U+26FD,fuel pump
888,ğŸš¨,U+1F6A8,police car light
889,ğŸš¥,U+1F6A5,horizontal traffic light
890,ğŸš¦,U+1F6A6,vertical traffic light
891,ğŸ›‘,U+1F6D1,stop sign
892,ğŸš§,U+1F6A7,construction
893,âš“,U+2693,anchor
894,â›µ,U+26F5,sailboat
895,ğŸ›¶,U+1F6F6,canoe
896,ğŸš¤,U+1F6A4,speedboat
897,ğŸ›³,U+1F6F3,passenger ship
898,â›´,U+26F4,ferry
899,ğŸ›¥,U+1F6E5,motor boat
900,ğŸš¢,U+1F6A2,ship
901,âœˆ,U+2708,airplane
902,ğŸ›©,U+1F6E9,small airplane
903,ğŸ›«,U+1F6EB,airplane departure
904,ğŸ›¬,U+1F6EC,airplane arrival
905,ğŸª‚,U+1FA82,parachute
906,ğŸ’º,U+1F4BA,seat
907,ğŸš,U+1F681,helicopter
908,ğŸšŸ,U+1F69F,suspension railway
909,ğŸš ,U+1F6A0,mountain cableway
910,ğŸš¡,U+1F6A1,aerial tramway
911,ğŸ›°,U+1F6F0,satellite
912,ğŸš€,U+1F680,rocket
913,ğŸ›¸,U+1F6F8,flying saucer
914,ğŸ›,U+1F6CE,bellhop bell
915,ğŸ§³,U+1F9F3,luggage
916,âŒ›,U+231B,hourglass done
917,â³,U+23F3,hourglass not done
918,âŒš,U+231A,watch
919,â°,U+23F0,alarm clock
920,â±,U+23F1,stopwatch
921,â²,U+23F2,timer clock
922,ğŸ•°,U+1F570,mantelpiece clock
923,ğŸ•›,U+1F55B,twelve oâ€™clock
924,ğŸ•§,U+1F567,twelve-thirty
925,ğŸ•,U+1F550,one oâ€™clock
926,ğŸ•œ,U+1F55C,one-thirty
927,ğŸ•‘,U+1F551,two oâ€™clock
928,ğŸ•,U+1F55D,two-thirty
929,ğŸ•’,U+1F552,three oâ€™clock
930,ğŸ•,U+1F55E,three-thirty
931,ğŸ•“,U+1F553,four oâ€™clock
932,ğŸ•Ÿ,U+1F55F,four-thirty
933,ğŸ•”,U+1F554,five oâ€™clock
934,ğŸ• ,U+1F560,five-thirty
935,ğŸ••,U+1F555,six oâ€™clock
936,ğŸ•¡,U+1F561,six-thirty
937,ğŸ•–,U+1F556,seven oâ€™clock
938,ğŸ•¢,U+1F562,seven-thirty
939,ğŸ•—,U+1F557,eight oâ€™clock
940,ğŸ•£,U+1F563,eight-thirty
941,ğŸ•˜,U+1F558,nine oâ€™clock
942,ğŸ•¤,U+1F564,nine-thirty
943,ğŸ•™,U+1F559,ten oâ€™clock
944,ğŸ•¥,U+1F565,ten-thirty
945,ğŸ•š,U+1F55A,eleven oâ€™clock
946,ğŸ•¦,U+1F566,eleven-thirty
947,ğŸŒ‘,U+1F311,new moon
948,ğŸŒ’,U+1F312,waxing crescent moon
949,ğŸŒ“,U+1F313,first quarter moon
950,ğŸŒ”,U+1F314,waxing gibbous moon
951,ğŸŒ•,U+1F315,full moon
952,ğŸŒ–,U+1F316,waning gibbous moon
953,ğŸŒ—,U+1F317,last quarter moon
954,ğŸŒ˜,U+1F318,waning crescent moon
955,ğŸŒ™,U+1F319,crescent moon
956,ğŸŒš,U+1F31A,new moon face
957,ğŸŒ›,U+1F31B,first quarter moon face
958,ğŸŒœ,U+1F31C,last quarter moon face
959,ğŸŒ¡,U+1F321,thermometer
960,â˜€,U+2600,sun
961,ğŸŒ,U+1F31D,full moon face
962,ğŸŒ,U+1F31E,sun with face
963,ğŸª,U+1FA90,ringed planet
964,â­,U+2B50,star
965,ğŸŒŸ,U+1F31F,glowing star
966,ğŸŒ ,U+1F320,shooting star
967,ğŸŒŒ,U+1F30C,milky way
968,â˜,U+2601,cloud
969,â›…,U+26C5,sun behind cloud
970,â›ˆ,U+26C8,cloud with lightning and rain
971,ğŸŒ¤,U+1F324,sun behind small cloud
972,ğŸŒ¥,U+1F325,sun behind large cloud
973,ğŸŒ¦,U+1F326,sun behind rain cloud
974,ğŸŒ§,U+1F327,cloud with rain
975,ğŸŒ¨,U+1F328,cloud with snow
976,ğŸŒ©,U+1F329,cloud with lightning
977,ğŸŒª,U+1F32A,tornado
978,ğŸŒ«,U+1F32B,fog
979,ğŸŒ¬,U+1F32C,wind face
980,ğŸŒ€,U+1F300,cyclone
981,ğŸŒˆ,U+1F308,rainbow
982,ğŸŒ‚,U+1F302,closed umbrella
983,â˜‚,U+2602,umbrella
984,â˜”,U+2614,umbrella with rain drops
985,â›±,U+26F1,umbrella on ground
986,âš¡,U+26A1,high voltage
987,â„,U+2744,snowflake
988,â˜ƒ,U+2603,snowman
989,â›„,U+26C4,snowman without snow
990,â˜„,U+2604,comet
991,ğŸ”¥,U+1F525,fire
992,ğŸ’§,U+1F4A7,droplet
993,ğŸŒŠ,U+1F30A,water wave
994,ğŸƒ,U+1F383,jack-o-lantern
995,ğŸ„,U+1F384,Christmas tree
996,ğŸ†,U+1F386,fireworks
997,ğŸ‡,U+1F387,sparkler
998,ğŸ§¨,U+1F9E8,firecracker
999,âœ¨,U+2728,sparkles
1000,ğŸˆ,U+1F388,balloon
1001,ğŸ‰,U+1F389,party popper
1002,ğŸŠ,U+1F38A,confetti ball
1003,ğŸ‹,U+1F38B,tanabata tree
1004,ğŸ,U+1F38D,pine decoration
1005,ğŸ,U+1F38E,Japanese dolls
1006,ğŸ,U+1F38F,carp streamer
1007,ğŸ,U+1F390,wind chime
1008,ğŸ‘,U+1F391,moon viewing ceremony
1009,ğŸ§§,U+1F9E7,red envelope
1010,ğŸ€,U+1F380,ribbon
1011,ğŸ,U+1F381,wrapped gift
1012,ğŸ—,U+1F397,reminder ribbon
1013,ğŸŸ,U+1F39F,admission tickets
1014,ğŸ«,U+1F3AB,ticket
1015,ğŸ–,U+1F396,military medal
1016,ğŸ†,U+1F3C6,trophy
1017,ğŸ…,U+1F3C5,sports medal
1018,ğŸ¥‡,U+1F947,1st place medal
1019,ğŸ¥ˆ,U+1F948,2nd place medal
1020,ğŸ¥‰,U+1F949,3rd place medal
1021,âš½,U+26BD,soccer ball
1022,âš¾,U+26BE,baseball
1023,ğŸ¥,U+1F94E,softball
1024,ğŸ€,U+1F3C0,basketball
1025,ğŸ,U+1F3D0,volleyball
1026,ğŸˆ,U+1F3C8,american football
1027,ğŸ‰,U+1F3C9,rugby football
1028,ğŸ¾,U+1F3BE,tennis
1029,ğŸ¥,U+1F94F,flying disc
1030,ğŸ³,U+1F3B3,bowling
1031,ğŸ,U+1F3CF,cricket game
1032,ğŸ‘,U+1F3D1,field hockey
1033,ğŸ’,U+1F3D2,ice hockey
1034,ğŸ¥,U+1F94D,lacrosse
1035,ğŸ“,U+1F3D3,ping pong
1036,ğŸ¸,U+1F3F8,badminton
1037,ğŸ¥Š,U+1F94A,boxing glove
1038,ğŸ¥‹,U+1F94B,martial arts uniform
1039,ğŸ¥…,U+1F945,goal net
1040,â›³,U+26F3,flag in hole
1041,â›¸,U+26F8,ice skate
1042,ğŸ£,U+1F3A3,fishing pole
1043,ğŸ¤¿,U+1F93F,diving mask
1044,ğŸ½,U+1F3BD,running shirt
1045,ğŸ¿,U+1F3BF,skis
1046,ğŸ›·,U+1F6F7,sled
1047,ğŸ¥Œ,U+1F94C,curling stone
1048,ğŸ¯,U+1F3AF,bullseye
1049,ğŸª€,U+1FA80,yo-yo
1050,ğŸª,U+1FA81,kite
1051,ğŸ±,U+1F3B1,pool 8 ball
1052,ğŸ”®,U+1F52E,crystal ball
1053,ğŸª„,U+1FA84,magic wand
1054,ğŸ§¿,U+1F9FF,nazar amulet
1055,ğŸ®,U+1F3AE,video game
1056,ğŸ•¹,U+1F579,joystick
1057,ğŸ°,U+1F3B0,slot machine
1058,ğŸ²,U+1F3B2,game die
1059,ğŸ§©,U+1F9E9,puzzle piece
1060,ğŸ§¸,U+1F9F8,teddy bear
1061,ğŸª…,U+1FA85,piÃ±ata
1062,ğŸª†,U+1FA86,nesting dolls
1063,â™ ,U+2660,spade suit
1064,â™¥,U+2665,heart suit
1065,â™¦,U+2666,diamond suit
1066,â™£,U+2663,club suit
1067,â™Ÿ,U+265F,chess pawn
1068,ğŸƒ,U+1F0CF,joker
1069,ğŸ€„,U+1F004,mahjong red dragon
1070,ğŸ´,U+1F3B4,flower playing cards
1071,ğŸ­,U+1F3AD,performing arts
1072,ğŸ–¼,U+1F5BC,framed picture
1073,ğŸ¨,U+1F3A8,artist palette
1074,ğŸ§µ,U+1F9F5,thread
1075,ğŸª¡,U+1FAA1,sewing needle
1076,ğŸ§¶,U+1F9F6,yarn
1077,ğŸª¢,U+1FAA2,knot
1078,ğŸ‘“,U+1F453,glasses
1079,ğŸ•¶,U+1F576,sunglasses
1080,ğŸ¥½,U+1F97D,goggles
1081,ğŸ¥¼,U+1F97C,lab coat
1082,ğŸ¦º,U+1F9BA,safety vest
1083,ğŸ‘”,U+1F454,necktie
1084,ğŸ‘•,U+1F455,t-shirt
1085,ğŸ‘–,U+1F456,jeans
1086,ğŸ§£,U+1F9E3,scarf
1087,ğŸ§¤,U+1F9E4,gloves
1088,ğŸ§¥,U+1F9E5,coat
1089,ğŸ§¦,U+1F9E6,socks
1090,ğŸ‘—,U+1F457,dress
1091,ğŸ‘˜,U+1F458,kimono
1092,ğŸ¥»,U+1F97B,sari
1093,ğŸ©±,U+1FA71,one-piece swimsuit
1094,ğŸ©²,U+1FA72,briefs
1095,ğŸ©³,U+1FA73,shorts
1096,ğŸ‘™,U+1F459,bikini
1097,ğŸ‘š,U+1F45A,womanâ€™s clothes
1098,ğŸ‘›,U+1F45B,purse
1099,ğŸ‘œ,U+1F45C,handbag
1100,ğŸ‘,U+1F45D,clutch bag
1101,ğŸ›,U+1F6CD,shopping bags
1102,ğŸ’,U+1F392,backpack
1103,ğŸ©´,U+1FA74,thong sandal
1104,ğŸ‘,U+1F45E,manâ€™s shoe
1105,ğŸ‘Ÿ,U+1F45F,running shoe
1106,ğŸ¥¾,U+1F97E,hiking boot
1107,ğŸ¥¿,U+1F97F,flat shoe
1108,ğŸ‘ ,U+1F460,high-heeled shoe
1109,ğŸ‘¡,U+1F461,womanâ€™s sandal
1110,ğŸ©°,U+1FA70,ballet shoes
1111,ğŸ‘¢,U+1F462,womanâ€™s boot
1112,ğŸ‘‘,U+1F451,crown
1113,ğŸ‘’,U+1F452,womanâ€™s hat
1114,ğŸ©,U+1F3A9,top hat
1115,ğŸ“,U+1F393,graduation cap
1116,ğŸ§¢,U+1F9E2,billed cap
1117,ğŸª–,U+1FA96,military helmet
1118,â›‘,U+26D1,rescue workerâ€™s helmet
1119,ğŸ“¿,U+1F4FF,prayer beads
1120,ğŸ’„,U+1F484,lipstick
1121,ğŸ’,U+1F48D,ring
1122,ğŸ’,U+1F48E,gem stone
1123,ğŸ”‡,U+1F507,muted speaker
1124,ğŸ”ˆ,U+1F508,speaker low volume
1125,ğŸ”‰,U+1F509,speaker medium volume
1126,ğŸ”Š,U+1F50A,speaker high volume
1127,ğŸ“¢,U+1F4E2,loudspeaker
1128,ğŸ“£,U+1F4E3,megaphone
1129,ğŸ“¯,U+1F4EF,postal horn
1130,ğŸ””,U+1F514,bell
1131,ğŸ”•,U+1F515,bell with slash
1132,ğŸ¼,U+1F3BC,musical score
1133,ğŸµ,U+1F3B5,musical note
1134,ğŸ¶,U+1F3B6,musical notes
1135,ğŸ™,U+1F399,studio microphone
1136,ğŸš,U+1F39A,level slider
1137,ğŸ›,U+1F39B,control knobs
1138,ğŸ¤,U+1F3A4,microphone
1139,ğŸ§,U+1F3A7,headphone
1140,ğŸ“»,U+1F4FB,radio
1141,ğŸ·,U+1F3B7,saxophone
1142,ğŸª—,U+1FA97,accordion
1143,ğŸ¸,U+1F3B8,guitar
1144,ğŸ¹,U+1F3B9,musical keyboard
1145,ğŸº,U+1F3BA,trumpet
1146,ğŸ»,U+1F3BB,violin
1147,ğŸª•,U+1FA95,banjo
1148,ğŸ¥,U+1F941,drum
1149,ğŸª˜,U+1FA98,long drum
1150,ğŸ“±,U+1F4F1,mobile phone
1151,ğŸ“²,U+1F4F2,mobile phone with arrow
1152,â˜,U+260E,telephone
1153,ğŸ“,U+1F4DE,telephone receiver
1154,ğŸ“Ÿ,U+1F4DF,pager
1155,ğŸ“ ,U+1F4E0,fax machine
1156,ğŸ”‹,U+1F50B,battery
1157,ğŸ”Œ,U+1F50C,electric plug
1158,ğŸ’»,U+1F4BB,laptop
1159,ğŸ–¥,U+1F5A5,desktop computer
1160,ğŸ–¨,U+1F5A8,printer
1161,âŒ¨,U+2328,keyboard
1162,ğŸ–±,U+1F5B1,computer mouse
1163,ğŸ–²,U+1F5B2,trackball
1164,ğŸ’½,U+1F4BD,computer disk
1165,ğŸ’¾,U+1F4BE,floppy disk
1166,ğŸ’¿,U+1F4BF,optical disk
1167,ğŸ“€,U+1F4C0,dvd
1168,ğŸ§®,U+1F9EE,abacus
1169,ğŸ¥,U+1F3A5,movie camera
1170,ğŸ,U+1F39E,film frames
1171,ğŸ“½,U+1F4FD,film projector
1172,ğŸ¬,U+1F3AC,clapper board
1173,ğŸ“º,U+1F4FA,television
1174,ğŸ“·,U+1F4F7,camera
1175,ğŸ“¸,U+1F4F8,camera with flash
1176,ğŸ“¹,U+1F4F9,video camera
1177,ğŸ“¼,U+1F4FC,videocassette
1178,ğŸ”,U+1F50D,magnifying glass tilted left
1179,ğŸ”,U+1F50E,magnifying glass tilted right
1180,ğŸ•¯,U+1F56F,candle
1181,ğŸ’¡,U+1F4A1,light bulb
1182,ğŸ”¦,U+1F526,flashlight
1183,ğŸ®,U+1F3EE,red paper lantern
1184,ğŸª”,U+1FA94,diya lamp
1185,ğŸ“”,U+1F4D4,notebook with decorative cover
1186,ğŸ“•,U+1F4D5,closed book
1187,ğŸ“–,U+1F4D6,open book
1188,ğŸ“—,U+1F4D7,green book
1189,ğŸ“˜,U+1F4D8,blue book
1190,ğŸ“™,U+1F4D9,orange book
1191,ğŸ“š,U+1F4DA,books
1192,ğŸ““,U+1F4D3,notebook
1193,ğŸ“’,U+1F4D2,ledger
1194,ğŸ“ƒ,U+1F4C3,page with curl
1195,ğŸ“œ,U+1F4DC,scroll
1196,ğŸ“„,U+1F4C4,page facing up
1197,ğŸ“°,U+1F4F0,newspaper
1198,ğŸ—,U+1F5DE,rolled-up newspaper
1199,ğŸ“‘,U+1F4D1,bookmark tabs
1200,ğŸ”–,U+1F516,bookmark
1201,ğŸ·,U+1F3F7,label
1202,ğŸ’°,U+1F4B0,money bag
1203,ğŸª™,U+1FA99,coin
1204,ğŸ’´,U+1F4B4,yen banknote
1205,ğŸ’µ,U+1F4B5,dollar banknote
1206,ğŸ’¶,U+1F4B6,euro banknote
1207,ğŸ’·,U+1F4B7,pound banknote
1208,ğŸ’¸,U+1F4B8,money with wings
1209,ğŸ’³,U+1F4B3,credit card
1210,ğŸ§¾,U+1F9FE,receipt
1211,ğŸ’¹,U+1F4B9,chart increasing with yen
1212,âœ‰,U+2709,envelope
1213,ğŸ“§,U+1F4E7,e-mail
1214,ğŸ“¨,U+1F4E8,incoming envelope
1215,ğŸ“©,U+1F4E9,envelope with arrow
1216,ğŸ“¤,U+1F4E4,outbox tray
1217,ğŸ“¥,U+1F4E5,inbox tray
1218,ğŸ“¦,U+1F4E6,package
1219,ğŸ“«,U+1F4EB,closed mailbox with raised flag
1220,ğŸ“ª,U+1F4EA,closed mailbox with lowered flag
1221,ğŸ“¬,U+1F4EC,open mailbox with raised flag
1222,ğŸ“­,U+1F4ED,open mailbox with lowered flag
1223,ğŸ“®,U+1F4EE,postbox
1224,ğŸ—³,U+1F5F3,ballot box with ballot
1225,âœ,U+270F,pencil
1226,âœ’,U+2712,black nib
1227,ğŸ–‹,U+1F58B,fountain pen
1228,ğŸ–Š,U+1F58A,pen
1229,ğŸ–Œ,U+1F58C,paintbrush
1230,ğŸ–,U+1F58D,crayon
1231,ğŸ“,U+1F4DD,memo
1232,ğŸ’¼,U+1F4BC,briefcase
1233,ğŸ“,U+1F4C1,file folder
1234,ğŸ“‚,U+1F4C2,open file folder
1235,ğŸ—‚,U+1F5C2,card index dividers
1236,ğŸ“…,U+1F4C5,calendar
1237,ğŸ“†,U+1F4C6,tear-off calendar
1238,ğŸ—’,U+1F5D2,spiral notepad
1239,ğŸ—“,U+1F5D3,spiral calendar
1240,ğŸ“‡,U+1F4C7,card index
1241,ğŸ“ˆ,U+1F4C8,chart increasing
1242,ğŸ“‰,U+1F4C9,chart decreasing
1243,ğŸ“Š,U+1F4CA,bar chart
1244,ğŸ“‹,U+1F4CB,clipboard
1245,ğŸ“Œ,U+1F4CC,pushpin
1246,ğŸ“,U+1F4CD,round pushpin
1247,ğŸ“,U+1F4CE,paperclip
1248,ğŸ–‡,U+1F587,linked paperclips
1249,ğŸ“,U+1F4CF,straight ruler
1250,ğŸ“,U+1F4D0,triangular ruler
1251,âœ‚,U+2702,scissors
1252,ğŸ—ƒ,U+1F5C3,card file box
1253,ğŸ—„,U+1F5C4,file cabinet
1254,ğŸ—‘,U+1F5D1,wastebasket
1255,ğŸ”’,U+1F512,locked
1256,ğŸ”“,U+1F513,unlocked
1257,ğŸ”,U+1F50F,locked with pen
1258,ğŸ”,U+1F510,locked with key
1259,ğŸ”‘,U+1F511,key
1260,ğŸ—,U+1F5DD,old key
1261,ğŸ”¨,U+1F528,hammer
1262,ğŸª“,U+1FA93,axe
1263,â›,U+26CF,pick
1264,âš’,U+2692,hammer and pick
1265,ğŸ› ,U+1F6E0,hammer and wrench
1266,ğŸ—¡,U+1F5E1,dagger
1267,âš”,U+2694,crossed swords
1268,ğŸ”«,U+1F52B,water pistol
1269,ğŸªƒ,U+1FA83,boomerang
1270,ğŸ¹,U+1F3F9,bow and arrow
1271,ğŸ›¡,U+1F6E1,shield
1272,ğŸªš,U+1FA9A,carpentry saw
1273,ğŸ”§,U+1F527,wrench
1274,ğŸª›,U+1FA9B,screwdriver
1275,ğŸ”©,U+1F529,nut and bolt
1276,âš™,U+2699,gear
1277,ğŸ—œ,U+1F5DC,clamp
1278,âš–,U+2696,balance scale
1279,ğŸ¦¯,U+1F9AF,white cane
1280,ğŸ”—,U+1F517,link
1281,â›“,U+26D3,chains
1282,ğŸª,U+1FA9D,hook
1283,ğŸ§°,U+1F9F0,toolbox
1284,ğŸ§²,U+1F9F2,magnet
1285,ğŸªœ,U+1FA9C,ladder
1286,âš—,U+2697,alembic
1287,ğŸ§ª,U+1F9EA,test tube
1288,ğŸ§«,U+1F9EB,petri dish
1289,ğŸ§¬,U+1F9EC,dna
1290,ğŸ”¬,U+1F52C,microscope
1291,ğŸ”­,U+1F52D,telescope
1292,ğŸ“¡,U+1F4E1,satellite antenna
1293,ğŸ’‰,U+1F489,syringe
1294,ğŸ©¸,U+1FA78,drop of blood
1295,ğŸ’Š,U+1F48A,pill
1296,ğŸ©¹,U+1FA79,adhesive bandage
1297,ğŸ©º,U+1FA7A,stethoscope
1298,ğŸšª,U+1F6AA,door
1299,ğŸ›—,U+1F6D7,elevator
1300,ğŸª,U+1FA9E,mirror
1301,ğŸªŸ,U+1FA9F,window
1302,ğŸ›,U+1F6CF,bed
1303,ğŸ›‹,U+1F6CB,couch and lamp
1304,ğŸª‘,U+1FA91,chair
1305,ğŸš½,U+1F6BD,toilet
1306,ğŸª ,U+1FAA0,plunger
1307,ğŸš¿,U+1F6BF,shower
1308,ğŸ›,U+1F6C1,bathtub
1309,ğŸª¤,U+1FAA4,mouse trap
1310,ğŸª’,U+1FA92,razor
1311,ğŸ§´,U+1F9F4,lotion bottle
1312,ğŸ§·,U+1F9F7,safety pin
1313,ğŸ§¹,U+1F9F9,broom
1314,ğŸ§º,U+1F9FA,basket
1315,ğŸ§»,U+1F9FB,roll of paper
1316,ğŸª£,U+1FAA3,bucket
1317,ğŸ§¼,U+1F9FC,soap
1318,ğŸª¥,U+1FAA5,toothbrush
1319,ğŸ§½,U+1F9FD,sponge
1320,ğŸ§¯,U+1F9EF,fire extinguisher
1321,ğŸ›’,U+1F6D2,shopping cart
1322,ğŸš¬,U+1F6AC,cigarette
1323,âš°,U+26B0,coffin
1324,ğŸª¦,U+1FAA6,headstone
1325,âš±,U+26B1,funeral urn
1326,ğŸ—¿,U+1F5FF,moai
1327,ğŸª§,U+1FAA7,placard
1328,ğŸ§,U+1F3E7,ATM sign
1329,ğŸš®,U+1F6AE,litter in bin sign
1330,ğŸš°,U+1F6B0,potable water
1331,â™¿,U+267F,wheelchair symbol
1332,ğŸš¹,U+1F6B9,menâ€™s room
1333,ğŸšº,U+1F6BA,womenâ€™s room
1334,ğŸš»,U+1F6BB,restroom
1335,ğŸš¼,U+1F6BC,baby symbol
1336,ğŸš¾,U+1F6BE,water closet
1337,ğŸ›‚,U+1F6C2,passport control
1338,ğŸ›ƒ,U+1F6C3,customs
1339,ğŸ›„,U+1F6C4,baggage claim
1340,ğŸ›…,U+1F6C5,left luggage
1341,âš ,U+26A0,warning
1342,ğŸš¸,U+1F6B8,children crossing
1343,â›”,U+26D4,no entry
1344,ğŸš«,U+1F6AB,prohibited
1345,ğŸš³,U+1F6B3,no bicycles
1346,ğŸš­,U+1F6AD,no smoking
1347,ğŸš¯,U+1F6AF,no littering
1348,ğŸš±,U+1F6B1,non-potable water
1349,ğŸš·,U+1F6B7,no pedestrians
1350,ğŸ“µ,U+1F4F5,no mobile phones
1351,ğŸ”,U+1F51E,no one under eighteen
1352,â˜¢,U+2622,radioactive
1353,â˜£,U+2623,biohazard
1354,â¬†,U+2B06,up arrow
1355,â†—,U+2197,up-right arrow
1356,â¡,U+27A1,right arrow
1357,â†˜,U+2198,down-right arrow
1358,â¬‡,U+2B07,down arrow
1359,â†™,U+2199,down-left arrow
1360,â¬…,U+2B05,left arrow
1361,â†–,U+2196,up-left arrow
1362,â†•,U+2195,up-down arrow
1363,â†”,U+2194,left-right arrow
1364,â†©,U+21A9,right arrow curving left
1365,â†ª,U+21AA,left arrow curving right
1366,â¤´,U+2934,right arrow curving up
1367,â¤µ,U+2935,right arrow curving down
1368,ğŸ”ƒ,U+1F503,clockwise vertical arrows
1369,ğŸ”„,U+1F504,counterclockwise arrows button
1370,ğŸ”™,U+1F519,BACK arrow
1371,ğŸ”š,U+1F51A,END arrow
1372,ğŸ”›,U+1F51B,ON! arrow
1373,ğŸ”œ,U+1F51C,SOON arrow
1374,ğŸ”,U+1F51D,TOP arrow
1375,ğŸ›,U+1F6D0,place of worship
1376,âš›,U+269B,atom symbol
1377,ğŸ•‰,U+1F549,om
1378,âœ¡,U+2721,star of David
1379,â˜¸,U+2638,wheel of dharma
1380,â˜¯,U+262F,yin yang
1381,âœ,U+271D,latin cross
1382,â˜¦,U+2626,orthodox cross
1383,â˜ª,U+262A,star and crescent
1384,â˜®,U+262E,peace symbol
1385,ğŸ•,U+1F54E,menorah
1386,ğŸ”¯,U+1F52F,dotted six-pointed star
1387,â™ˆ,U+2648,Aries
1388,â™‰,U+2649,Taurus
1389,â™Š,U+264A,Gemini
1390,â™‹,U+264B,Cancer
1391,â™Œ,U+264C,Leo
1392,â™,U+264D,Virgo
1393,â™,U+264E,Libra
1394,â™,U+264F,Scorpio
1395,â™,U+2650,Sagittarius
1396,â™‘,U+2651,Capricorn
1397,â™’,U+2652,Aquarius
1398,â™“,U+2653,Pisces
1399,â›,U+26CE,Ophiuchus
1400,ğŸ”€,U+1F500,shuffle tracks button
1401,ğŸ”,U+1F501,repeat button
1402,ğŸ”‚,U+1F502,repeat single button
1403,â–¶,U+25B6,play button
1404,â©,U+23E9,fast-forward button
1405,â­,U+23ED,next track button
1406,â¯,U+23EF,play or pause button
1407,â—€,U+25C0,reverse button
1408,âª,U+23EA,fast reverse button
1409,â®,U+23EE,last track button
1410,ğŸ”¼,U+1F53C,upwards button
1411,â«,U+23EB,fast up button
1412,ğŸ”½,U+1F53D,downwards button
1413,â¬,U+23EC,fast down button
1414,â¸,U+23F8,pause button
1415,â¹,U+23F9,stop button
1416,âº,U+23FA,record button
1417,â,U+23CF,eject button
1418,ğŸ¦,U+1F3A6,cinema
1419,ğŸ”…,U+1F505,dim button
1420,ğŸ”†,U+1F506,bright button
1421,ğŸ“¶,U+1F4F6,antenna bars
1422,ğŸ“³,U+1F4F3,vibration mode
1423,ğŸ“´,U+1F4F4,mobile phone off
1424,â™€,U+2640,female sign
1425,â™‚,U+2642,male sign
1426,âš§,U+26A7,transgender symbol
1427,âœ–,U+2716,multiply
1428,â•,U+2795,plus
1429,â–,U+2796,minus
1430,â—,U+2797,divide
1431,â™¾,U+267E,infinity
1432,â€¼,U+203C,double exclamation mark
1433,â‰,U+2049,exclamation question mark
1434,â“,U+2753,red question mark
1435,â”,U+2754,white question mark
1436,â•,U+2755,white exclamation mark
1437,â—,U+2757,red exclamation mark
1438,ã€°,U+3030,wavy dash
1439,ğŸ’±,U+1F4B1,currency exchange
1440,ğŸ’²,U+1F4B2,heavy dollar sign
1441,âš•,U+2695,medical symbol
1442,â™»,U+267B,recycling symbol
1443,âšœ,U+269C,fleur-de-lis
1444,ğŸ”±,U+1F531,trident emblem
1445,ğŸ“›,U+1F4DB,name badge
1446,ğŸ”°,U+1F530,Japanese symbol for beginner
1447,â­•,U+2B55,hollow red circle
1448,âœ…,U+2705,check mark button
1449,â˜‘,U+2611,check box with check
1450,âœ”,U+2714,check mark
1451,âŒ,U+274C,cross mark
1452,â,U+274E,cross mark button
1453,â°,U+27B0,curly loop
1454,â¿,U+27BF,double curly loop
1455,ã€½,U+303D,part alternation mark
1456,âœ³,U+2733,eight-spoked asterisk
1457,âœ´,U+2734,eight-pointed star
1458,â‡,U+2747,sparkle
1459,Â©,U+00A9,copyright
1460,Â®,U+00AE,registered
1461,â„¢,U+2122,trade mark
1462,#ï¸âƒ£,U+0023 U+FE0F U+20E3,keycap: #
1463,*ï¸âƒ£,U+002A U+FE0F U+20E3,keycap: *
1464,0ï¸âƒ£,U+0030 U+FE0F U+20E3,keycap: 0
1465,1ï¸âƒ£,U+0031 U+FE0F U+20E3,keycap: 1
1466,2ï¸âƒ£,U+0032 U+FE0F U+20E3,keycap: 2
1467,3ï¸âƒ£,U+0033 U+FE0F U+20E3,keycap: 3
1468,4ï¸âƒ£,U+0034 U+FE0F U+20E3,keycap: 4
1469,5ï¸âƒ£,U+0035 U+FE0F U+20E3,keycap: 5
1470,6ï¸âƒ£,U+0036 U+FE0F U+20E3,keycap: 6
1471,7ï¸âƒ£,U+0037 U+FE0F U+20E3,keycap: 7
1472,8ï¸âƒ£,U+0038 U+FE0F U+20E3,keycap: 8
1473,9ï¸âƒ£,U+0039 U+FE0F U+20E3,keycap: 9
1474,ğŸ”Ÿ,U+1F51F,keycap: 10
1475,ğŸ” ,U+1F520,input latin uppercase
1476,ğŸ”¡,U+1F521,input latin lowercase
1477,ğŸ”¢,U+1F522,input numbers
1478,ğŸ”£,U+1F523,input symbols
1479,ğŸ”¤,U+1F524,input latin letters
1480,ğŸ…°,U+1F170,A button (blood type)
1481,ğŸ†,U+1F18E,AB button (blood type)
1482,ğŸ…±,U+1F171,B button (blood type)
1483,ğŸ†‘,U+1F191,CL button
1484,ğŸ†’,U+1F192,COOL button
1485,ğŸ†“,U+1F193,FREE button
1486,â„¹,U+2139,information
1487,ğŸ†”,U+1F194,ID button
1488,â“‚,U+24C2,circled M
1489,ğŸ†•,U+1F195,NEW button
1490,ğŸ†–,U+1F196,NG button
1491,ğŸ…¾,U+1F17E,O button (blood type)
1492,ğŸ†—,U+1F197,OK button
1493,ğŸ…¿,U+1F17F,P button
1494,ğŸ†˜,U+1F198,SOS button
1495,ğŸ†™,U+1F199,UP! button
1496,ğŸ†š,U+1F19A,VS button
1497,ğŸˆ,U+1F201,Japanese â€œhereâ€ button
1498,ğŸˆ‚,U+1F202,Japanese â€œservice chargeâ€ button
1499,ğŸˆ·,U+1F237,Japanese â€œmonthly amountâ€ button
1500,ğŸˆ¶,U+1F236,Japanese â€œnot free of chargeâ€ button
1501,ğŸˆ¯,U+1F22F,Japanese â€œreservedâ€ button
1502,ğŸ‰,U+1F250,Japanese â€œbargainâ€ button
1503,ğŸˆ¹,U+1F239,Japanese â€œdiscountâ€ button
1504,ğŸˆš,U+1F21A,Japanese â€œfree of chargeâ€ button
1505,ğŸˆ²,U+1F232,Japanese â€œprohibitedâ€ button
1506,ğŸ‰‘,U+1F251,Japanese â€œacceptableâ€ button
1507,ğŸˆ¸,U+1F238,Japanese â€œapplicationâ€ button
1508,ğŸˆ´,U+1F234,Japanese â€œpassing gradeâ€ button
1509,ğŸˆ³,U+1F233,Japanese â€œvacancyâ€ button
1510,ãŠ—,U+3297,Japanese â€œcongratulationsâ€ button
1511,ãŠ™,U+3299,Japanese â€œsecretâ€ button
1512,ğŸˆº,U+1F23A,Japanese â€œopen for businessâ€ button
1513,ğŸˆµ,U+1F235,Japanese â€œno vacancyâ€ button
1514,ğŸ”´,U+1F534,red circle
1515,ğŸŸ ,U+1F7E0,orange circle
1516,ğŸŸ¡,U+1F7E1,yellow circle
1517,ğŸŸ¢,U+1F7E2,green circle
1518,ğŸ”µ,U+1F535,blue circle
1519,ğŸŸ£,U+1F7E3,purple circle
1520,ğŸŸ¤,U+1F7E4,brown circle
1521,âš«,U+26AB,black circle
1522,âšª,U+26AA,white circle
1523,ğŸŸ¥,U+1F7E5,red square
1524,ğŸŸ§,U+1F7E7,orange square
1525,ğŸŸ¨,U+1F7E8,yellow square
1526,ğŸŸ©,U+1F7E9,green square
1527,ğŸŸ¦,U+1F7E6,blue square
1528,ğŸŸª,U+1F7EA,purple square
1529,ğŸŸ«,U+1F7EB,brown square
1530,â¬›,U+2B1B,black large square
1531,â¬œ,U+2B1C,white large square
1532,â—¼,U+25FC,black medium square
1533,â—»,U+25FB,white medium square
1534,â—¾,U+25FE,black medium-small square
1535,â—½,U+25FD,white medium-small square
1536,â–ª,U+25AA,black small square
1537,â–«,U+25AB,white small square
1538,ğŸ”¶,U+1F536,large orange diamond
1539,ğŸ”·,U+1F537,large blue diamond
1540,ğŸ”¸,U+1F538,small orange diamond
1541,ğŸ”¹,U+1F539,small blue diamond
1542,ğŸ”º,U+1F53A,red triangle pointed up
1543,ğŸ”»,U+1F53B,red triangle pointed down
1544,ğŸ’ ,U+1F4A0,diamond with a dot
1545,ğŸ”˜,U+1F518,radio button
1546,ğŸ”³,U+1F533,white square button
1547,ğŸ”²,U+1F532,black square button
1548,ğŸ,U+1F3C1,chequered flag
1549,ğŸš©,U+1F6A9,triangular flag
1550,ğŸŒ,U+1F38C,crossed flags
1551,ğŸ´,U+1F3F4,black flag
1552,ğŸ³,U+1F3F3,white flag
1553,ğŸ³ï¸â€ğŸŒˆ,U+1F3F3 U+FE0F U+200D U+1F308,rainbow flag
1554,ğŸ³ï¸â€âš§ï¸,U+1F3F3 U+FE0F U+200D U+26A7 U+FE0F,transgender flag
1555,ğŸ´â€â˜ ï¸,U+1F3F4 U+200D U+2620 U+FE0F,pirate flag
1556,ğŸ‡¦ğŸ‡¨,U+1F1E6 U+1F1E8,flag: Ascension Island
1557,ğŸ‡¦ğŸ‡©,U+1F1E6 U+1F1E9,flag: Andorra
1558,ğŸ‡¦ğŸ‡ª,U+1F1E6 U+1F1EA,flag: United Arab Emirates
1559,ğŸ‡¦ğŸ‡«,U+1F1E6 U+1F1EB,flag: Afghanistan
1560,ğŸ‡¦ğŸ‡¬,U+1F1E6 U+1F1EC,flag: Antigua & Barbuda
1561,ğŸ‡¦ğŸ‡®,U+1F1E6 U+1F1EE,flag: Anguilla
1562,ğŸ‡¦ğŸ‡±,U+1F1E6 U+1F1F1,flag: Albania
1563,ğŸ‡¦ğŸ‡²,U+1F1E6 U+1F1F2,flag: Armenia
1564,ğŸ‡¦ğŸ‡´,U+1F1E6 U+1F1F4,flag: Angola
1565,ğŸ‡¦ğŸ‡¶,U+1F1E6 U+1F1F6,flag: Antarctica
1566,ğŸ‡¦ğŸ‡·,U+1F1E6 U+1F1F7,flag: Argentina
1567,ğŸ‡¦ğŸ‡¸,U+1F1E6 U+1F1F8,flag: American Samoa
1568,ğŸ‡¦ğŸ‡¹,U+1F1E6 U+1F1F9,flag: Austria
1569,ğŸ‡¦ğŸ‡º,U+1F1E6 U+1F1FA,flag: Australia
1570,ğŸ‡¦ğŸ‡¼,U+1F1E6 U+1F1FC,flag: Aruba
1571,ğŸ‡¦ğŸ‡½,U+1F1E6 U+1F1FD,flag: Ã…land Islands
1572,ğŸ‡¦ğŸ‡¿,U+1F1E6 U+1F1FF,flag: Azerbaijan
1573,ğŸ‡§ğŸ‡¦,U+1F1E7 U+1F1E6,flag: Bosnia & Herzegovina
1574,ğŸ‡§ğŸ‡§,U+1F1E7 U+1F1E7,flag: Barbados
1575,ğŸ‡§ğŸ‡©,U+1F1E7 U+1F1E9,flag: Bangladesh
1576,ğŸ‡§ğŸ‡ª,U+1F1E7 U+1F1EA,flag: Belgium
1577,ğŸ‡§ğŸ‡«,U+1F1E7 U+1F1EB,flag: Burkina Faso
1578,ğŸ‡§ğŸ‡¬,U+1F1E7 U+1F1EC,flag: Bulgaria
1579,ğŸ‡§ğŸ‡­,U+1F1E7 U+1F1ED,flag: Bahrain
1580,ğŸ‡§ğŸ‡®,U+1F1E7 U+1F1EE,flag: Burundi
1581,ğŸ‡§ğŸ‡¯,U+1F1E7 U+1F1EF,flag: Benin
1582,ğŸ‡§ğŸ‡±,U+1F1E7 U+1F1F1,flag: St. BarthÃ©lemy
1583,ğŸ‡§ğŸ‡²,U+1F1E7 U+1F1F2,flag: Bermuda
1584,ğŸ‡§ğŸ‡³,U+1F1E7 U+1F1F3,flag: Brunei
1585,ğŸ‡§ğŸ‡´,U+1F1E7 U+1F1F4,flag: Bolivia
1586,ğŸ‡§ğŸ‡¶,U+1F1E7 U+1F1F6,flag: Caribbean Netherlands
1587,ğŸ‡§ğŸ‡·,U+1F1E7 U+1F1F7,flag: Brazil
1588,ğŸ‡§ğŸ‡¸,U+1F1E7 U+1F1F8,flag: Bahamas
1589,ğŸ‡§ğŸ‡¹,U+1F1E7 U+1F1F9,flag: Bhutan
1590,ğŸ‡§ğŸ‡»,U+1F1E7 U+1F1FB,flag: Bouvet Island
1591,ğŸ‡§ğŸ‡¼,U+1F1E7 U+1F1FC,flag: Botswana
1592,ğŸ‡§ğŸ‡¾,U+1F1E7 U+1F1FE,flag: Belarus
1593,ğŸ‡§ğŸ‡¿,U+1F1E7 U+1F1FF,flag: Belize
1594,ğŸ‡¨ğŸ‡¦,U+1F1E8 U+1F1E6,flag: Canada
1595,ğŸ‡¨ğŸ‡¨,U+1F1E8 U+1F1E8,flag: Cocos (Keeling) Islands
1596,ğŸ‡¨ğŸ‡©,U+1F1E8 U+1F1E9,flag: Congo - Kinshasa
1597,ğŸ‡¨ğŸ‡«,U+1F1E8 U+1F1EB,flag: Central African Republic
1598,ğŸ‡¨ğŸ‡¬,U+1F1E8 U+1F1EC,flag: Congo - Brazzaville
1599,ğŸ‡¨ğŸ‡­,U+1F1E8 U+1F1ED,flag: Switzerland
1600,ğŸ‡¨ğŸ‡®,U+1F1E8 U+1F1EE,flag: CÃ´te dâ€™Ivoire
1601,ğŸ‡¨ğŸ‡°,U+1F1E8 U+1F1F0,flag: Cook Islands
1602,ğŸ‡¨ğŸ‡±,U+1F1E8 U+1F1F1,flag: Chile
1603,ğŸ‡¨ğŸ‡²,U+1F1E8 U+1F1F2,flag: Cameroon
1604,ğŸ‡¨ğŸ‡³,U+1F1E8 U+1F1F3,flag: China
1605,ğŸ‡¨ğŸ‡´,U+1F1E8 U+1F1F4,flag: Colombia
1606,ğŸ‡¨ğŸ‡µ,U+1F1E8 U+1F1F5,flag: Clipperton Island
1607,ğŸ‡¨ğŸ‡·,U+1F1E8 U+1F1F7,flag: Costa Rica
1608,ğŸ‡¨ğŸ‡º,U+1F1E8 U+1F1FA,flag: Cuba
1609,ğŸ‡¨ğŸ‡»,U+1F1E8 U+1F1FB,flag: Cape Verde
1610,ğŸ‡¨ğŸ‡¼,U+1F1E8 U+1F1FC,flag: CuraÃ§ao
1611,ğŸ‡¨ğŸ‡½,U+1F1E8 U+1F1FD,flag: Christmas Island
1612,ğŸ‡¨ğŸ‡¾,U+1F1E8 U+1F1FE,flag: Cyprus
1613,ğŸ‡¨ğŸ‡¿,U+1F1E8 U+1F1FF,flag: Czechia
1614,ğŸ‡©ğŸ‡ª,U+1F1E9 U+1F1EA,flag: Germany
1615,ğŸ‡©ğŸ‡¬,U+1F1E9 U+1F1EC,flag: Diego Garcia
1616,ğŸ‡©ğŸ‡¯,U+1F1E9 U+1F1EF,flag: Djibouti
1617,ğŸ‡©ğŸ‡°,U+1F1E9 U+1F1F0,flag: Denmark
1618,ğŸ‡©ğŸ‡²,U+1F1E9 U+1F1F2,flag: Dominica
1619,ğŸ‡©ğŸ‡´,U+1F1E9 U+1F1F4,flag: Dominican Republic
1620,ğŸ‡©ğŸ‡¿,U+1F1E9 U+1F1FF,flag: Algeria
1621,ğŸ‡ªğŸ‡¦,U+1F1EA U+1F1E6,flag: Ceuta & Melilla
1622,ğŸ‡ªğŸ‡¨,U+1F1EA U+1F1E8,flag: Ecuador
1623,ğŸ‡ªğŸ‡ª,U+1F1EA U+1F1EA,flag: Estonia
1624,ğŸ‡ªğŸ‡¬,U+1F1EA U+1F1EC,flag: Egypt
1625,ğŸ‡ªğŸ‡­,U+1F1EA U+1F1ED,flag: Western Sahara
1626,ğŸ‡ªğŸ‡·,U+1F1EA U+1F1F7,flag: Eritrea
1627,ğŸ‡ªğŸ‡¸,U+1F1EA U+1F1F8,flag: Spain
1628,ğŸ‡ªğŸ‡¹,U+1F1EA U+1F1F9,flag: Ethiopia
1629,ğŸ‡ªğŸ‡º,U+1F1EA U+1F1FA,flag: European Union
1630,ğŸ‡«ğŸ‡®,U+1F1EB U+1F1EE,flag: Finland
1631,ğŸ‡«ğŸ‡¯,U+1F1EB U+1F1EF,flag: Fiji
1632,ğŸ‡«ğŸ‡°,U+1F1EB U+1F1F0,flag: Falkland Islands
1633,ğŸ‡«ğŸ‡²,U+1F1EB U+1F1F2,flag: Micronesia
1634,ğŸ‡«ğŸ‡´,U+1F1EB U+1F1F4,flag: Faroe Islands
1635,ğŸ‡«ğŸ‡·,U+1F1EB U+1F1F7,flag: France
1636,ğŸ‡¬ğŸ‡¦,U+1F1EC U+1F1E6,flag: Gabon
1637,ğŸ‡¬ğŸ‡§,U+1F1EC U+1F1E7,flag: United Kingdom
1638,ğŸ‡¬ğŸ‡©,U+1F1EC U+1F1E9,flag: Grenada
1639,ğŸ‡¬ğŸ‡ª,U+1F1EC U+1F1EA,flag: Georgia
1640,ğŸ‡¬ğŸ‡«,U+1F1EC U+1F1EB,flag: French Guiana
1641,ğŸ‡¬ğŸ‡¬,U+1F1EC U+1F1EC,flag: Guernsey
1642,ğŸ‡¬ğŸ‡­,U+1F1EC U+1F1ED,flag: Ghana
1643,ğŸ‡¬ğŸ‡®,U+1F1EC U+1F1EE,flag: Gibraltar
1644,ğŸ‡¬ğŸ‡±,U+1F1EC U+1F1F1,flag: Greenland
1645,ğŸ‡¬ğŸ‡²,U+1F1EC U+1F1F2,flag: Gambia
1646,ğŸ‡¬ğŸ‡³,U+1F1EC U+1F1F3,flag: Guinea
1647,ğŸ‡¬ğŸ‡µ,U+1F1EC U+1F1F5,flag: Guadeloupe
1648,ğŸ‡¬ğŸ‡¶,U+1F1EC U+1F1F6,flag: Equatorial Guinea
1649,ğŸ‡¬ğŸ‡·,U+1F1EC U+1F1F7,flag: Greece
1650,ğŸ‡¬ğŸ‡¸,U+1F1EC U+1F1F8,flag: South Georgia & South Sandwich Islands
1651,ğŸ‡¬ğŸ‡¹,U+1F1EC U+1F1F9,flag: Guatemala
1652,ğŸ‡¬ğŸ‡º,U+1F1EC U+1F1FA,flag: Guam
1653,ğŸ‡¬ğŸ‡¼,U+1F1EC U+1F1FC,flag: Guinea-Bissau
1654,ğŸ‡¬ğŸ‡¾,U+1F1EC U+1F1FE,flag: Guyana
1655,ğŸ‡­ğŸ‡°,U+1F1ED U+1F1F0,flag: Hong Kong SAR China
1656,ğŸ‡­ğŸ‡²,U+1F1ED U+1F1F2,flag: Heard & McDonald Islands
1657,ğŸ‡­ğŸ‡³,U+1F1ED U+1F1F3,flag: Honduras
1658,ğŸ‡­ğŸ‡·,U+1F1ED U+1F1F7,flag: Croatia
1659,ğŸ‡­ğŸ‡¹,U+1F1ED U+1F1F9,flag: Haiti
1660,ğŸ‡­ğŸ‡º,U+1F1ED U+1F1FA,flag: Hungary
1661,ğŸ‡®ğŸ‡¨,U+1F1EE U+1F1E8,flag: Canary Islands
1662,ğŸ‡®ğŸ‡©,U+1F1EE U+1F1E9,flag: Indonesia
1663,ğŸ‡®ğŸ‡ª,U+1F1EE U+1F1EA,flag: Ireland
1664,ğŸ‡®ğŸ‡±,U+1F1EE U+1F1F1,flag: Israel
1665,ğŸ‡®ğŸ‡²,U+1F1EE U+1F1F2,flag: Isle of Man
1666,ğŸ‡®ğŸ‡³,U+1F1EE U+1F1F3,flag: India
1667,ğŸ‡®ğŸ‡´,U+1F1EE U+1F1F4,flag: British Indian Ocean Territory
1668,ğŸ‡®ğŸ‡¶,U+1F1EE U+1F1F6,flag: Iraq
1669,ğŸ‡®ğŸ‡·,U+1F1EE U+1F1F7,flag: Iran
1670,ğŸ‡®ğŸ‡¸,U+1F1EE U+1F1F8,flag: Iceland
1671,ğŸ‡®ğŸ‡¹,U+1F1EE U+1F1F9,flag: Italy
1672,ğŸ‡¯ğŸ‡ª,U+1F1EF U+1F1EA,flag: Jersey
1673,ğŸ‡¯ğŸ‡²,U+1F1EF U+1F1F2,flag: Jamaica
1674,ğŸ‡¯ğŸ‡´,U+1F1EF U+1F1F4,flag: Jordan
1675,ğŸ‡¯ğŸ‡µ,U+1F1EF U+1F1F5,flag: Japan
1676,ğŸ‡°ğŸ‡ª,U+1F1F0 U+1F1EA,flag: Kenya
1677,ğŸ‡°ğŸ‡¬,U+1F1F0 U+1F1EC,flag: Kyrgyzstan
1678,ğŸ‡°ğŸ‡­,U+1F1F0 U+1F1ED,flag: Cambodia
1679,ğŸ‡°ğŸ‡®,U+1F1F0 U+1F1EE,flag: Kiribati
1680,ğŸ‡°ğŸ‡²,U+1F1F0 U+1F1F2,flag: Comoros
1681,ğŸ‡°ğŸ‡³,U+1F1F0 U+1F1F3,flag: St. Kitts & Nevis
1682,ğŸ‡°ğŸ‡µ,U+1F1F0 U+1F1F5,flag: North Korea
1683,ğŸ‡°ğŸ‡·,U+1F1F0 U+1F1F7,flag: South Korea
1684,ğŸ‡°ğŸ‡¼,U+1F1F0 U+1F1FC,flag: Kuwait
1685,ğŸ‡°ğŸ‡¾,U+1F1F0 U+1F1FE,flag: Cayman Islands
1686,ğŸ‡°ğŸ‡¿,U+1F1F0 U+1F1FF,flag: Kazakhstan
1687,ğŸ‡±ğŸ‡¦,U+1F1F1 U+1F1E6,flag: Laos
1688,ğŸ‡±ğŸ‡§,U+1F1F1 U+1F1E7,flag: Lebanon
1689,ğŸ‡±ğŸ‡¨,U+1F1F1 U+1F1E8,flag: St. Lucia
1690,ğŸ‡±ğŸ‡®,U+1F1F1 U+1F1EE,flag: Liechtenstein
1691,ğŸ‡±ğŸ‡°,U+1F1F1 U+1F1F0,flag: Sri Lanka
1692,ğŸ‡±ğŸ‡·,U+1F1F1 U+1F1F7,flag: Liberia
1693,ğŸ‡±ğŸ‡¸,U+1F1F1 U+1F1F8,flag: Lesotho
1694,ğŸ‡±ğŸ‡¹,U+1F1F1 U+1F1F9,flag: Lithuania
1695,ğŸ‡±ğŸ‡º,U+1F1F1 U+1F1FA,flag: Luxembourg
1696,ğŸ‡±ğŸ‡»,U+1F1F1 U+1F1FB,flag: Latvia
1697,ğŸ‡±ğŸ‡¾,U+1F1F1 U+1F1FE,flag: Libya
1698,ğŸ‡²ğŸ‡¦,U+1F1F2 U+1F1E6,flag: Morocco
1699,ğŸ‡²ğŸ‡¨,U+1F1F2 U+1F1E8,flag: Monaco
1700,ğŸ‡²ğŸ‡©,U+1F1F2 U+1F1E9,flag: Moldova
1701,ğŸ‡²ğŸ‡ª,U+1F1F2 U+1F1EA,flag: Montenegro
1702,ğŸ‡²ğŸ‡«,U+1F1F2 U+1F1EB,flag: St. Martin
1703,ğŸ‡²ğŸ‡¬,U+1F1F2 U+1F1EC,flag: Madagascar
1704,ğŸ‡²ğŸ‡­,U+1F1F2 U+1F1ED,flag: Marshall Islands
1705,ğŸ‡²ğŸ‡°,U+1F1F2 U+1F1F0,flag: North Macedonia
1706,ğŸ‡²ğŸ‡±,U+1F1F2 U+1F1F1,flag: Mali
1707,ğŸ‡²ğŸ‡²,U+1F1F2 U+1F1F2,flag: Myanmar (Burma)
1708,ğŸ‡²ğŸ‡³,U+1F1F2 U+1F1F3,flag: Mongolia
1709,ğŸ‡²ğŸ‡´,U+1F1F2 U+1F1F4,flag: Macao SAR China
1710,ğŸ‡²ğŸ‡µ,U+1F1F2 U+1F1F5,flag: Northern Mariana Islands
1711,ğŸ‡²ğŸ‡¶,U+1F1F2 U+1F1F6,flag: Martinique
1712,ğŸ‡²ğŸ‡·,U+1F1F2 U+1F1F7,flag: Mauritania
1713,ğŸ‡²ğŸ‡¸,U+1F1F2 U+1F1F8,flag: Montserrat
1714,ğŸ‡²ğŸ‡¹,U+1F1F2 U+1F1F9,flag: Malta
1715,ğŸ‡²ğŸ‡º,U+1F1F2 U+1F1FA,flag: Mauritius
1716,ğŸ‡²ğŸ‡»,U+1F1F2 U+1F1FB,flag: Maldives
1717,ğŸ‡²ğŸ‡¼,U+1F1F2 U+1F1FC,flag: Malawi
1718,ğŸ‡²ğŸ‡½,U+1F1F2 U+1F1FD,flag: Mexico
1719,ğŸ‡²ğŸ‡¾,U+1F1F2 U+1F1FE,flag: Malaysia
1720,ğŸ‡²ğŸ‡¿,U+1F1F2 U+1F1FF,flag: Mozambique
1721,ğŸ‡³ğŸ‡¦,U+1F1F3 U+1F1E6,flag: Namibia
1722,ğŸ‡³ğŸ‡¨,U+1F1F3 U+1F1E8,flag: New Caledonia
1723,ğŸ‡³ğŸ‡ª,U+1F1F3 U+1F1EA,flag: Niger
1724,ğŸ‡³ğŸ‡«,U+1F1F3 U+1F1EB,flag: Norfolk Island
1725,ğŸ‡³ğŸ‡¬,U+1F1F3 U+1F1EC,flag: Nigeria
1726,ğŸ‡³ğŸ‡®,U+1F1F3 U+1F1EE,flag: Nicaragua
1727,ğŸ‡³ğŸ‡±,U+1F1F3 U+1F1F1,flag: Netherlands
1728,ğŸ‡³ğŸ‡´,U+1F1F3 U+1F1F4,flag: Norway
1729,ğŸ‡³ğŸ‡µ,U+1F1F3 U+1F1F5,flag: Nepal
1730,ğŸ‡³ğŸ‡·,U+1F1F3 U+1F1F7,flag: Nauru
1731,ğŸ‡³ğŸ‡º,U+1F1F3 U+1F1FA,flag: Niue
1732,ğŸ‡³ğŸ‡¿,U+1F1F3 U+1F1FF,flag: New Zealand
1733,ğŸ‡´ğŸ‡²,U+1F1F4 U+1F1F2,flag: Oman
1734,ğŸ‡µğŸ‡¦,U+1F1F5 U+1F1E6,flag: Panama
1735,ğŸ‡µğŸ‡ª,U+1F1F5 U+1F1EA,flag: Peru
1736,ğŸ‡µğŸ‡«,U+1F1F5 U+1F1EB,flag: French Polynesia
1737,ğŸ‡µğŸ‡¬,U+1F1F5 U+1F1EC,flag: Papua New Guinea
1738,ğŸ‡µğŸ‡­,U+1F1F5 U+1F1ED,flag: Philippines
1739,ğŸ‡µğŸ‡°,U+1F1F5 U+1F1F0,flag: Pakistan
1740,ğŸ‡µğŸ‡±,U+1F1F5 U+1F1F1,flag: Poland
1741,ğŸ‡µğŸ‡²,U+1F1F5 U+1F1F2,flag: St. Pierre & Miquelon
1742,ğŸ‡µğŸ‡³,U+1F1F5 U+1F1F3,flag: Pitcairn Islands
1743,ğŸ‡µğŸ‡·,U+1F1F5 U+1F1F7,flag: Puerto Rico
1744,ğŸ‡µğŸ‡¸,U+1F1F5 U+1F1F8,flag: Palestinian Territories
1745,ğŸ‡µğŸ‡¹,U+1F1F5 U+1F1F9,flag: Portugal
1746,ğŸ‡µğŸ‡¼,U+1F1F5 U+1F1FC,flag: Palau
1747,ğŸ‡µğŸ‡¾,U+1F1F5 U+1F1FE,flag: Paraguay
1748,ğŸ‡¶ğŸ‡¦,U+1F1F6 U+1F1E6,flag: Qatar
1749,ğŸ‡·ğŸ‡ª,U+1F1F7 U+1F1EA,flag: RÃ©union
1750,ğŸ‡·ğŸ‡´,U+1F1F7 U+1F1F4,flag: Romania
1751,ğŸ‡·ğŸ‡¸,U+1F1F7 U+1F1F8,flag: Serbia
1752,ğŸ‡·ğŸ‡º,U+1F1F7 U+1F1FA,flag: Russia
1753,ğŸ‡·ğŸ‡¼,U+1F1F7 U+1F1FC,flag: Rwanda
1754,ğŸ‡¸ğŸ‡¦,U+1F1F8 U+1F1E6,flag: Saudi Arabia
1755,ğŸ‡¸ğŸ‡§,U+1F1F8 U+1F1E7,flag: Solomon Islands
1756,ğŸ‡¸ğŸ‡¨,U+1F1F8 U+1F1E8,flag: Seychelles
1757,ğŸ‡¸ğŸ‡©,U+1F1F8 U+1F1E9,flag: Sudan
1758,ğŸ‡¸ğŸ‡ª,U+1F1F8 U+1F1EA,flag: Sweden
1759,ğŸ‡¸ğŸ‡¬,U+1F1F8 U+1F1EC,flag: Singapore
1760,ğŸ‡¸ğŸ‡­,U+1F1F8 U+1F1ED,flag: St. Helena
1761,ğŸ‡¸ğŸ‡®,U+1F1F8 U+1F1EE,flag: Slovenia
1762,ğŸ‡¸ğŸ‡¯,U+1F1F8 U+1F1EF,flag: Svalbard & Jan Mayen
1763,ğŸ‡¸ğŸ‡°,U+1F1F8 U+1F1F0,flag: Slovakia
1764,ğŸ‡¸ğŸ‡±,U+1F1F8 U+1F1F1,flag: Sierra Leone
1765,ğŸ‡¸ğŸ‡²,U+1F1F8 U+1F1F2,flag: San Marino
1766,ğŸ‡¸ğŸ‡³,U+1F1F8 U+1F1F3,flag: Senegal
1767,ğŸ‡¸ğŸ‡´,U+1F1F8 U+1F1F4,flag: Somalia
1768,ğŸ‡¸ğŸ‡·,U+1F1F8 U+1F1F7,flag: Suriname
1769,ğŸ‡¸ğŸ‡¸,U+1F1F8 U+1F1F8,flag: South Sudan
1770,ğŸ‡¸ğŸ‡¹,U+1F1F8 U+1F1F9,flag: SÃ£o TomÃ© & PrÃ­ncipe
1771,ğŸ‡¸ğŸ‡»,U+1F1F8 U+1F1FB,flag: El Salvador
1772,ğŸ‡¸ğŸ‡½,U+1F1F8 U+1F1FD,flag: Sint Maarten
1773,ğŸ‡¸ğŸ‡¾,U+1F1F8 U+1F1FE,flag: Syria
1774,ğŸ‡¸ğŸ‡¿,U+1F1F8 U+1F1FF,flag: Eswatini
1775,ğŸ‡¹ğŸ‡¦,U+1F1F9 U+1F1E6,flag: Tristan da Cunha
1776,ğŸ‡¹ğŸ‡¨,U+1F1F9 U+1F1E8,flag: Turks & Caicos Islands
1777,ğŸ‡¹ğŸ‡©,U+1F1F9 U+1F1E9,flag: Chad
1778,ğŸ‡¹ğŸ‡«,U+1F1F9 U+1F1EB,flag: French Southern Territories
1779,ğŸ‡¹ğŸ‡¬,U+1F1F9 U+1F1EC,flag: Togo
1780,ğŸ‡¹ğŸ‡­,U+1F1F9 U+1F1ED,flag: Thailand
1781,ğŸ‡¹ğŸ‡¯,U+1F1F9 U+1F1EF,flag: Tajikistan
1782,ğŸ‡¹ğŸ‡°,U+1F1F9 U+1F1F0,flag: Tokelau
1783,ğŸ‡¹ğŸ‡±,U+1F1F9 U+1F1F1,flag: Timor-Leste
1784,ğŸ‡¹ğŸ‡²,U+1F1F9 U+1F1F2,flag: Turkmenistan
1785,ğŸ‡¹ğŸ‡³,U+1F1F9 U+1F1F3,flag: Tunisia
1786,ğŸ‡¹ğŸ‡´,U+1F1F9 U+1F1F4,flag: Tonga
1787,ğŸ‡¹ğŸ‡·,U+1F1F9 U+1F1F7,flag: Turkey
1788,ğŸ‡¹ğŸ‡¹,U+1F1F9 U+1F1F9,flag: Trinidad & Tobago
1789,ğŸ‡¹ğŸ‡»,U+1F1F9 U+1F1FB,flag: Tuvalu
1790,ğŸ‡¹ğŸ‡¼,U+1F1F9 U+1F1FC,flag: Taiwan
1791,ğŸ‡¹ğŸ‡¿,U+1F1F9 U+1F1FF,flag: Tanzania
1792,ğŸ‡ºğŸ‡¦,U+1F1FA U+1F1E6,flag: Ukraine
1793,ğŸ‡ºğŸ‡¬,U+1F1FA U+1F1EC,flag: Uganda
1794,ğŸ‡ºğŸ‡²,U+1F1FA U+1F1F2,flag: U.S. Outlying Islands
1795,ğŸ‡ºğŸ‡³,U+1F1FA U+1F1F3,flag: United Nations
1796,ğŸ‡ºğŸ‡¸,U+1F1FA U+1F1F8,flag: United States
1797,ğŸ‡ºğŸ‡¾,U+1F1FA U+1F1FE,flag: Uruguay
1798,ğŸ‡ºğŸ‡¿,U+1F1FA U+1F1FF,flag: Uzbekistan
1799,ğŸ‡»ğŸ‡¦,U+1F1FB U+1F1E6,flag: Vatican City
1800,ğŸ‡»ğŸ‡¨,U+1F1FB U+1F1E8,flag: St. Vincent & Grenadines
1801,ğŸ‡»ğŸ‡ª,U+1F1FB U+1F1EA,flag: Venezuela
1802,ğŸ‡»ğŸ‡¬,U+1F1FB U+1F1EC,flag: British Virgin Islands
1803,ğŸ‡»ğŸ‡®,U+1F1FB U+1F1EE,flag: U.S. Virgin Islands
1804,ğŸ‡»ğŸ‡³,U+1F1FB U+1F1F3,flag: Vietnam
1805,ğŸ‡»ğŸ‡º,U+1F1FB U+1F1FA,flag: Vanuatu
1806,ğŸ‡¼ğŸ‡«,U+1F1FC U+1F1EB,flag: Wallis & Futuna
1807,ğŸ‡¼ğŸ‡¸,U+1F1FC U+1F1F8,flag: Samoa
1808,ğŸ‡½ğŸ‡°,U+1F1FD U+1F1F0,flag: Kosovo
1809,ğŸ‡¾ğŸ‡ª,U+1F1FE U+1F1EA,flag: Yemen
1810,ğŸ‡¾ğŸ‡¹,U+1F1FE U+1F1F9,flag: Mayotte
1811,ğŸ‡¿ğŸ‡¦,U+1F1FF U+1F1E6,flag: South Africa
1812,ğŸ‡¿ğŸ‡²,U+1F1FF U+1F1F2,flag: Zambia
1813,ğŸ‡¿ğŸ‡¼,U+1F1FF U+1F1FC,flag: Zimbabwe
1814,ğŸ´ó §ó ¢ó ¥ó ®ó §ó ¿,U+1F3F4 U+E0067 U+E0062 U+E0065 U+E006E U+E0067 U+E007F,flag: England
1815,ğŸ´ó §ó ¢ó ³ó £ó ´ó ¿,U+1F3F4 U+E0067 U+E0062 U+E0073 U+E0063 U+E0074 U+E007F,flag: Scotland
1816,ğŸ´ó §ó ¢ó ·ó ¬ó ³ó ¿,U+1F3F4 U+E0067 U+E0062 U+E0077 U+E006C U+E0073 U+E007F,flag: Wales
